libraryDate,libraryPreparer,librarySampleNumber,runNumber,laneNumber,sequencerModel,flowcellType,purpose,tapestationConc,volumePooled,readsObtained,fastqFileName,s2cDNADate,s2cDNAPreparer,s2cDNASampleNumber,index1Name,index1Sequence,index2Name,index2Sequence,libraryProtocol,roboticLibraryPrep,s1cDNADate,s1cDNAPreparer,s1cDNASampleNumber,s2cDNAProtocol,roboticS2Prep,rnaDate,rnaPreparer,rnaSampleNumber,polyAIsolationProtocol,s1Protocol,roboticS1Prep,s1PrimerSeq,harvestDate,harvester,biosampleNumber,rnaPrepMethod,roboticRNAPrep,RIBOSOMAL_BAND,RIBOSOMAL_BAND_SHAPE,SMALL_RNA_BANDS,RIN,experimentDesign,experimentObservations,strain,genotype,floodmedia,inductionDelay,treatment,timePoint,replicate,fastqFilePath,tsvFilePath
08.26.19,J.PLAGGENBERG,1,3853,NA,MiniSeq,MiniSeq,spikein,21.3,1,19120,Brent_10_GTAC_10_SIC_Index_06_GGCAGCG_GACCTTGT_S23_L001_R1_001.fastq.gz,08.21.19,J.PLAGGENBERG,1,1,TGAGGTT,SIC_Index_06,GACCTT,E7760,no,08.21.19,J.PLAGGENBERG,1,E7760,No,08.08.19,J.PLAGGENBERG,2,NEBNextPoly(A)E7490,E7760,No,random,07.24.19,J.PLAGGENBERG,2,DirectZol,no,Y,straight,Y,"NA",ZEV_scgal_media_comparison,NA,NA,CBF1,SCGal,15,EtoH,-1,1,sequence/run_3853_samplesBrent_10_GTAC_10_SIC_Index_06_GGCAGCG_GACCTTGT_S23_L001_R1_001.fastq.gz,sequence/run_3853_samplesBrent_10_GTAC_10_SIC_Index_06_GGCAGCG_GACCTTGT_S23_L001_R1_001_read_count.tsv
08.26.19,J.PLAGGENBERG,2,3853,NA,MiniSeq,MiniSeq,spikein,6.79,1.47,13233,Brent_11_GTAC_11_SIC_Index_06_CCATCAT_GACCTTGT_S24_L001_R1_001.fastq.gz,08.21.19,J.PLAGGENBERG,2,2,GCTTAGA,SIC_Index_06,GACCTT,E7760,no,08.21.19,J.PLAGGENBERG,2,E7760,No,08.08.19,J.PLAGGENBERG,5,NEBNextPoly(A)E7490,E7760,No,random,07.24.19,J.PLAGGENBERG,5,DirectZol,no,Y,straight,Y,"NA",ZEV_scgal_media_comparison,NA,NA,CBF1,SCGal,15,Estradiol,-1,1,sequence/run_3853_samplesBrent_11_GTAC_11_SIC_Index_06_CCATCAT_GACCTTGT_S24_L001_R1_001.fastq.gz,sequence/run_3853_samplesBrent_11_GTAC_11_SIC_Index_06_CCATCAT_GACCTTGT_S24_L001_R1_001_read_count.tsv
08.26.19,J.PLAGGENBERG,3,3853,NA,MiniSeq,MiniSeq,spikein,14.8,1,18293,Brent_12_GTAC_12_SIC_Index_06_TAACAAG_GACCTTGT_S25_L001_R1_001.fastq.gz,08.21.19,J.PLAGGENBERG,3,3,ATGACAG,SIC_Index_06,GACCTT,E7760,no,08.21.19,J.PLAGGENBERG,3,E7760,No,08.08.19,J.PLAGGENBERG,8,NEBNextPoly(A)E7490,E7760,No,random,07.24.19,J.PLAGGENBERG,8,DirectZol,no,Y,straight,Y,"NA",ZEV_scgal_media_comparison,NA,NA,CBF1,SCGal,15,EtoH,15,1,sequence/run_3853_samplesBrent_12_GTAC_12_SIC_Index_06_TAACAAG_GACCTTGT_S25_L001_R1_001.fastq.gz,sequence/run_3853_samplesBrent_12_GTAC_12_SIC_Index_06_TAACAAG_GACCTTGT_S25_L001_R1_001_read_count.tsv
08.26.19,J.PLAGGENBERG,4,3853,NA,MiniSeq,MiniSeq,spikein,8.12,1.23,21245,Brent_13_GTAC_13_SIC_Index_06_GAGGCGT_GACCTTGT_S26_L001_R1_001.fastq.gz,08.21.19,J.PLAGGENBERG,4,4,CACCTCC,SIC_Index_06,GACCTT,E7760,no,08.21.19,J.PLAGGENBERG,4,E7760,No,08.08.19,J.PLAGGENBERG,11,NEBNextPoly(A)E7490,E7760,No,random,07.24.19,J.PLAGGENBERG,11,DirectZol,no,Y,straight,Y,"NA",ZEV_scgal_media_comparison,NA,NA,CBF1,SCGal,15,Estradiol,15,1,sequence/run_3853_samplesBrent_13_GTAC_13_SIC_Index_06_GAGGCGT_GACCTTGT_S26_L001_R1_001.fastq.gz,sequence/run_3853_samplesBrent_13_GTAC_13_SIC_Index_06_GAGGCGT_GACCTTGT_S26_L001_R1_001_read_count.tsv
08.26.19,J.PLAGGENBERG,5,3853,NA,MiniSeq,MiniSeq,spikein,15.9,1,19192,Brent_14_GTAC_14_SIC_Index_06_TTTAACT_GACCTTGT_S27_L001_R1_001.fastq.gz,08.21.19,J.PLAGGENBERG,5,5,ATCGAGC,SIC_Index_06,GACCTT,E7760,no,08.21.19,J.PLAGGENBERG,5,E7760,No,08.08.19,J.PLAGGENBERG,14,NEBNextPoly(A)E7490,E7760,No,random,07.24.19,J.PLAGGENBERG,14,DirectZol,no,Y,straight,Y,"NA",ZEV_scgal_media_comparison,NA,NA,CBF1,SCGal,15,EtoH,90,1,sequence/run_3853_samplesBrent_14_GTAC_14_SIC_Index_06_TTTAACT_GACCTTGT_S27_L001_R1_001.fastq.gz,sequence/run_3853_samplesBrent_14_GTAC_14_SIC_Index_06_TTTAACT_GACCTTGT_S27_L001_R1_001_read_count.tsv
08.26.19,J.PLAGGENBERG,6,3853,NA,MiniSeq,MiniSeq,spikein,12,1,20098,Brent_15_GTAC_15_SIC_Index_06_GGTCCTC_GACCTTGT_S28_L001_R1_001.fastq.gz,08.21.19,J.PLAGGENBERG,6,6,TACTCTA,SIC_Index_06,GACCTT,E7760,no,08.21.19,J.PLAGGENBERG,6,E7760,No,08.08.19,J.PLAGGENBERG,17,NEBNextPoly(A)E7490,E7760,No,random,07.24.19,J.PLAGGENBERG,17,DirectZol,no,Y,straight,Y,"NA",ZEV_scgal_media_comparison,NA,NA,CBF1,SCGal,15,Estradiol,90,1,sequence/run_3853_samplesBrent_15_GTAC_15_SIC_Index_06_GGTCCTC_GACCTTGT_S28_L001_R1_001.fastq.gz,sequence/run_3853_samplesBrent_15_GTAC_15_SIC_Index_06_GGTCCTC_GACCTTGT_S28_L001_R1_001_read_count.tsv
08.26.19,J.PLAGGENBERG,7,3853,NA,MiniSeq,MiniSeq,spikein,3.73,2.68,34545,Brent_16_GTAC_16_SIC_Index_06_CGGTGGC_GACCTTGT_S29_L001_R1_001.fastq.gz,08.21.19,J.PLAGGENBERG,7,7,AGACTGA,SIC_Index_06,GACCTT,E7760,no,08.21.19,J.PLAGGENBERG,7,E7760,No,08.19.19,J.PLAGGENBERG,1,NEBNextPoly(A)E7490,E7760,No,random,08.09.19,J.PLAGGENBERG,2,DirectZol,no,Y,straight,Y,"NA",ZEV_scgal_media_comparison,NA,NA,CBF1,SCGal,15,EtoH,-1,2,sequence/run_3853_samplesBrent_16_GTAC_16_SIC_Index_06_CGGTGGC_GACCTTGT_S29_L001_R1_001.fastq.gz,sequence/run_3853_samplesBrent_16_GTAC_16_SIC_Index_06_CGGTGGC_GACCTTGT_S29_L001_R1_001_read_count.tsv
08.26.19,J.PLAGGENBERG,8,3853,NA,MiniSeq,MiniSeq,spikein,17.2,1,16732,Brent_17_GTAC_18_SIC_Index_06_GTATTTG_GACCTTGT_S30_L001_R1_001.fastq.gz,08.21.19,J.PLAGGENBERG,8,8,CTTGGAA,SIC_Index_06,GACCTT,E7760,no,08.21.19,J.PLAGGENBERG,8,E7760,No,08.19.19,J.PLAGGENBERG,2,NEBNextPoly(A)E7490,E7760,No,random,08.09.19,J.PLAGGENBERG,5,DirectZol,no,Y,straight,Y,"NA",ZEV_scgal_media_comparison,NA,NA,CBF1,SCGal,15,Estradiol,-1,2,sequence/run_3853_samplesBrent_17_GTAC_18_SIC_Index_06_GTATTTG_GACCTTGT_S30_L001_R1_001.fastq.gz,sequence/run_3853_samplesBrent_17_GTAC_18_SIC_Index_06_GTATTTG_GACCTTGT_S30_L001_R1_001_read_count.tsv
08.26.19,J.PLAGGENBERG,9,3853,NA,MiniSeq,MiniSeq,spikein,3.76,2.66,18975,Brent_18_GTAC_17_SIC_Index_06_ACTGTCG_GACCTTGT_S31_L001_R1_001.fastq.gz,08.21.19,J.PLAGGENBERG,9,9,CCGATTA,SIC_Index_06,GACCTT,E7760,no,08.21.19,J.PLAGGENBERG,9,E7760,No,08.19.19,J.PLAGGENBERG,3,NEBNextPoly(A)E7490,E7760,No,random,08.09.19,J.PLAGGENBERG,8,DirectZol,no,Y,straight,Y,"NA",ZEV_scgal_media_comparison,NA,NA,CBF1,SCGal,15,EtoH,15,2,sequence/run_3853_samplesBrent_18_GTAC_17_SIC_Index_06_ACTGTCG_GACCTTGT_S31_L001_R1_001.fastq.gz,sequence/run_3853_samplesBrent_18_GTAC_17_SIC_Index_06_ACTGTCG_GACCTTGT_S31_L001_R1_001_read_count.tsv
08.26.19,J.PLAGGENBERG,10,3853,NA,MiniSeq,MiniSeq,spikein,7.95,1.26,17871,Brent_1_GTAC_1_SIC_Index_06_TGAGGTT_GACCTTGT_S14_L001_R1_001.fastq.gz,08.21.19,J.PLAGGENBERG,10,10,GGCAGCG,SIC_Index_06,GACCTT,E7760,no,08.21.19,J.PLAGGENBERG,10,E7760,No,08.19.19,J.PLAGGENBERG,4,NEBNextPoly(A)E7490,E7760,No,random,08.09.19,J.PLAGGENBERG,11,DirectZol,no,Y,straight,Y,"NA",ZEV_scgal_media_comparison,NA,NA,CBF1,SCGal,15,Estradiol,15,2,sequence/run_3853_samplesBrent_1_GTAC_1_SIC_Index_06_TGAGGTT_GACCTTGT_S14_L001_R1_001.fastq.gz,sequence/run_3853_samplesBrent_1_GTAC_1_SIC_Index_06_TGAGGTT_GACCTTGT_S14_L001_R1_001_read_count.tsv
08.26.19,J.PLAGGENBERG,11,3853,NA,MiniSeq,MiniSeq,spikein,26.4,1,15758,Brent_2_GTAC_2_SIC_Index_06_GCTTAGA_GACCTTGT_S15_L001_R1_001.fastq.gz,08.21.19,J.PLAGGENBERG,11,11,CCATCAT,SIC_Index_06,GACCTT,E7760,no,08.21.19,J.PLAGGENBERG,11,E7760,No,08.19.19,J.PLAGGENBERG,5,NEBNextPoly(A)E7490,E7760,No,random,08.09.19,J.PLAGGENBERG,14,DirectZol,no,Y,straight,Y,"NA",ZEV_scgal_media_comparison,NA,NA,CBF1,SCGal,15,EtoH,90,2,sequence/run_3853_samplesBrent_2_GTAC_2_SIC_Index_06_GCTTAGA_GACCTTGT_S15_L001_R1_001.fastq.gz,sequence/run_3853_samplesBrent_2_GTAC_2_SIC_Index_06_GCTTAGA_GACCTTGT_S15_L001_R1_001_read_count.tsv
08.26.19,J.PLAGGENBERG,12,3853,NA,MiniSeq,MiniSeq,spikein,31,1,18454,Brent_3_GTAC_3_SIC_Index_06_ATGACAG_GACCTTGT_S16_L001_R1_001.fastq.gz,08.21.19,J.PLAGGENBERG,12,12,TAACAAG,SIC_Index_06,GACCTT,E7760,no,08.21.19,J.PLAGGENBERG,12,E7760,No,08.19.19,J.PLAGGENBERG,6,NEBNextPoly(A)E7490,E7760,No,random,08.09.19,J.PLAGGENBERG,17,DirectZol,no,Y,straight,Y,"NA",ZEV_scgal_media_comparison,NA,NA,CBF1,SCGal,15,Estradiol,90,2,sequence/run_3853_samplesBrent_3_GTAC_3_SIC_Index_06_ATGACAG_GACCTTGT_S16_L001_R1_001.fastq.gz,sequence/run_3853_samplesBrent_3_GTAC_3_SIC_Index_06_ATGACAG_GACCTTGT_S16_L001_R1_001_read_count.tsv
08.26.19,J.PLAGGENBERG,13,3853,NA,MiniSeq,MiniSeq,spikein,3.2,3.13,28995,Brent_4_GTAC_4_SIC_Index_06_CACCTCC_GACCTTGT_S17_L001_R1_001.fastq.gz,08.21.19,J.PLAGGENBERG,13,13,GAGGCGT,SIC_Index_06,GACCTT,E7760,no,08.21.19,J.PLAGGENBERG,13,E7760,No,08.19.19,J.PLAGGENBERG,7,NEBNextPoly(A)E7490,E7760,No,random,08.12.19,J.PLAGGENBERG,2,DirectZol,no,Y,straight,Y,"NA",ZEV_scgal_media_comparison,NA,NA,CBF1,SCGal,15,EtoH,-1,3,sequence/run_3853_samplesBrent_4_GTAC_4_SIC_Index_06_CACCTCC_GACCTTGT_S17_L001_R1_001.fastq.gz,sequence/run_3853_samplesBrent_4_GTAC_4_SIC_Index_06_CACCTCC_GACCTTGT_S17_L001_R1_001_read_count.tsv
08.26.19,J.PLAGGENBERG,14,3853,NA,MiniSeq,MiniSeq,spikein,1.72,5.81,36753,Brent_5_GTAC_5_SIC_Index_06_ATCGAGC_GACCTTGT_S18_L001_R1_001.fastq.gz,08.21.19,J.PLAGGENBERG,14,14,TTTAACT,SIC_Index_06,GACCTT,E7760,no,08.21.19,J.PLAGGENBERG,14,E7760,No,08.19.19,J.PLAGGENBERG,8,NEBNextPoly(A)E7490,E7760,No,random,08.12.19,J.PLAGGENBERG,5,DirectZol,no,Y,straight,Y,"NA",ZEV_scgal_media_comparison,NA,NA,CBF1,SCGal,15,Estradiol,-1,3,sequence/run_3853_samplesBrent_5_GTAC_5_SIC_Index_06_ATCGAGC_GACCTTGT_S18_L001_R1_001.fastq.gz,sequence/run_3853_samplesBrent_5_GTAC_5_SIC_Index_06_ATCGAGC_GACCTTGT_S18_L001_R1_001_read_count.tsv
08.26.19,J.PLAGGENBERG,15,3853,NA,MiniSeq,MiniSeq,spikein,11.4,1,20453,Brent_6_GTAC_6_SIC_Index_06_TACTCTA_GACCTTGT_S19_L001_R1_001.fastq.gz,08.21.19,J.PLAGGENBERG,15,15,GGTCCTC,SIC_Index_06,GACCTT,E7760,no,08.21.19,J.PLAGGENBERG,15,E7760,No,08.19.19,J.PLAGGENBERG,9,NEBNextPoly(A)E7490,E7760,No,random,08.12.19,J.PLAGGENBERG,8,DirectZol,no,Y,straight,Y,"NA",ZEV_scgal_media_comparison,NA,NA,CBF1,SCGal,15,EtoH,15,3,sequence/run_3853_samplesBrent_6_GTAC_6_SIC_Index_06_TACTCTA_GACCTTGT_S19_L001_R1_001.fastq.gz,sequence/run_3853_samplesBrent_6_GTAC_6_SIC_Index_06_TACTCTA_GACCTTGT_S19_L001_R1_001_read_count.tsv
08.26.19,J.PLAGGENBERG,16,3853,NA,MiniSeq,MiniSeq,spikein,0.562,17.79,367,Brent_7_GTAC_7_SIC_Index_06_AGACTGA_GACCTTGT_S20_L001_R1_001.fastq.gz,08.21.19,J.PLAGGENBERG,16,16,CGGTGGC,SIC_Index_06,GACCTT,E7760,no,08.21.19,J.PLAGGENBERG,16,E7760,No,08.19.19,J.PLAGGENBERG,10,NEBNextPoly(A)E7490,E7760,No,random,08.12.19,J.PLAGGENBERG,11,DirectZol,no,Y,straight,Y,"NA",ZEV_scgal_media_comparison,NA,NA,CBF1,SCGal,15,Estradiol,15,3,sequence/run_3853_samplesBrent_7_GTAC_7_SIC_Index_06_AGACTGA_GACCTTGT_S20_L001_R1_001.fastq.gz,sequence/run_3853_samplesBrent_7_GTAC_7_SIC_Index_06_AGACTGA_GACCTTGT_S20_L001_R1_001_read_count.tsv
08.26.19,J.PLAGGENBERG,17,3853,NA,MiniSeq,MiniSeq,spikein,22.8,1,15948,Brent_8_GTAC_8_SIC_Index_06_CTTGGAA_GACCTTGT_S21_L001_R1_001.fastq.gz,08.21.19,J.PLAGGENBERG,17,18,GTATTTG,SIC_Index_06,GACCTT,E7760,no,08.21.19,J.PLAGGENBERG,17,E7760,No,08.19.19,J.PLAGGENBERG,11,NEBNextPoly(A)E7490,E7760,No,random,08.12.19,J.PLAGGENBERG,14,DirectZol,no,Y,straight,Y,"NA",ZEV_scgal_media_comparison,NA,NA,CBF1,SCGal,15,EtoH,90,3,sequence/run_3853_samplesBrent_8_GTAC_8_SIC_Index_06_CTTGGAA_GACCTTGT_S21_L001_R1_001.fastq.gz,sequence/run_3853_samplesBrent_8_GTAC_8_SIC_Index_06_CTTGGAA_GACCTTGT_S21_L001_R1_001_read_count.tsv
08.26.19,J.PLAGGENBERG,18,3853,NA,MiniSeq,MiniSeq,spikein,19.8,1,17956,Brent_9_GTAC_9_SIC_Index_06_CCGATTA_GACCTTGT_S22_L001_R1_001.fastq.gz,08.21.19,J.PLAGGENBERG,18,17,ACTGTCG,SIC_Index_06,GACCTT,E7760,no,08.21.19,J.PLAGGENBERG,18,E7760,No,08.19.19,J.PLAGGENBERG,12,NEBNextPoly(A)E7490,E7760,No,random,08.12.19,J.PLAGGENBERG,17,DirectZol,no,Y,straight,Y,"NA",ZEV_scgal_media_comparison,NA,NA,CBF1,SCGal,15,Estradiol,90,3,sequence/run_3853_samplesBrent_9_GTAC_9_SIC_Index_06_CCGATTA_GACCTTGT_S22_L001_R1_001.fastq.gz,sequence/run_3853_samplesBrent_9_GTAC_9_SIC_Index_06_CCGATTA_GACCTTGT_S22_L001_R1_001_read_count.tsv
11.01.19,J.PLAGGENBERG,1,4010,NA,MiniSeq,MiniSeq,spikein,31.9,1,84562,Brent_1_GTAC_13_SIC_Index06_GAGGCGT_GACCTTGT_S15_L001_R1_001.fastq.gz,10.25.19,J.PLAGGENBERG,1,13,GAGGCGT,SIC_Index06,GACCTT,E7760,no,10.25.19,J.PLAGGENBERG,1,E7760,No,10.21.19,J.PLAGGENBERG,1,NEBNextPoly(A)E7490,E7760,No,random,10.10.19,J.PLAGGENBERG,1,DirectZol,no,Y,straight,Y,"NA",ZEV_induction_30min_delay,NA,NA,CBF1,SCGal,30,EtoH,-1,4,sequence/run_4010_samplesBrent_1_GTAC_13_SIC_Index06_GAGGCGT_GACCTTGT_S15_L001_R1_001.fastq.gz,sequence/run_4010_samplesBrent_1_GTAC_13_SIC_Index06_GAGGCGT_GACCTTGT_S15_L001_R1_001_read_count.tsv
11.01.19,J.PLAGGENBERG,1,4010,NA,MiniSeq,MiniSeq,spikein,31.9,1,84562,Brent_1_GTAC_13_SIC_Index06_GAGGCGT_GACCTTGT_S15_L001_R1_001.fastq.gz,10.25.19,J.PLAGGENBERG,1,13,GAGGCGT,SIC_Index06,GACCTT,E7760,no,10.25.19,J.PLAGGENBERG,1,E7760,No,10.21.19,J.PLAGGENBERG,1,NEBNextPoly(A)E7490,E7760,No,random,10.10.19,J.PLAGGENBERG,1,DirectZol,no,Y,straight,Y,"NA",ZEV_induction,NA,NA,GCN4,SCGal,30,EtoH,-1,1,sequence/run_4010_samplesBrent_1_GTAC_13_SIC_Index06_GAGGCGT_GACCTTGT_S15_L001_R1_001.fastq.gz,sequence/run_4010_samplesBrent_1_GTAC_13_SIC_Index06_GAGGCGT_GACCTTGT_S15_L001_R1_001_read_count.tsv
11.01.19,J.PLAGGENBERG,2,4010,NA,MiniSeq,MiniSeq,spikein,146,1,44269,Brent_2_GTAC_14_SIC_Index06_TTTAACT_GACCTTGT_S16_L001_R1_001.fastq.gz,10.25.19,J.PLAGGENBERG,2,14,TTTAACT,SIC_Index06,GACCTT,E7760,no,10.25.19,J.PLAGGENBERG,2,E7760,No,10.21.19,J.PLAGGENBERG,2,NEBNextPoly(A)E7490,E7760,No,random,10.10.19,J.PLAGGENBERG,2,DirectZol,no,Y,straight,Y,"NA",ZEV_induction_30min_delay,NA,NA,CBF1,SCGal,30,Estradiol,-1,4,sequence/run_4010_samplesBrent_2_GTAC_14_SIC_Index06_TTTAACT_GACCTTGT_S16_L001_R1_001.fastq.gz,sequence/run_4010_samplesBrent_2_GTAC_14_SIC_Index06_TTTAACT_GACCTTGT_S16_L001_R1_001_read_count.tsv
11.01.19,J.PLAGGENBERG,2,4010,NA,MiniSeq,MiniSeq,spikein,146,1,44269,Brent_2_GTAC_14_SIC_Index06_TTTAACT_GACCTTGT_S16_L001_R1_001.fastq.gz,10.25.19,J.PLAGGENBERG,2,14,TTTAACT,SIC_Index06,GACCTT,E7760,no,10.25.19,J.PLAGGENBERG,2,E7760,No,10.21.19,J.PLAGGENBERG,2,NEBNextPoly(A)E7490,E7760,No,random,10.10.19,J.PLAGGENBERG,2,DirectZol,no,Y,straight,Y,"NA",ZEV_induction,NA,NA,TYE7,SCGal,30,EtoH,-1,1,sequence/run_4010_samplesBrent_2_GTAC_14_SIC_Index06_TTTAACT_GACCTTGT_S16_L001_R1_001.fastq.gz,sequence/run_4010_samplesBrent_2_GTAC_14_SIC_Index06_TTTAACT_GACCTTGT_S16_L001_R1_001_read_count.tsv
11.01.19,J.PLAGGENBERG,3,4010,NA,MiniSeq,MiniSeq,spikein,104,1,39177,Brent_3_GTAC_15_SIC_Index06_GGTCCTC_GACCTTGT_S17_L001_R1_001.fastq.gz,10.25.19,J.PLAGGENBERG,3,15,GGTCCTC,SIC_Index06,GACCTT,E7760,no,10.25.19,J.PLAGGENBERG,3,E7760,No,10.21.19,J.PLAGGENBERG,3,NEBNextPoly(A)E7490,E7760,No,random,10.10.19,J.PLAGGENBERG,3,DirectZol,no,Y,straight,Y,"NA",ZEV_induction_30min_delay,NA,NA,CBF1,SCGal,30,EtoH,15,4,sequence/run_4010_samplesBrent_3_GTAC_15_SIC_Index06_GGTCCTC_GACCTTGT_S17_L001_R1_001.fastq.gz,sequence/run_4010_samplesBrent_3_GTAC_15_SIC_Index06_GGTCCTC_GACCTTGT_S17_L001_R1_001_read_count.tsv
11.01.19,J.PLAGGENBERG,3,4010,NA,MiniSeq,MiniSeq,spikein,104,1,39177,Brent_3_GTAC_15_SIC_Index06_GGTCCTC_GACCTTGT_S17_L001_R1_001.fastq.gz,10.25.19,J.PLAGGENBERG,3,15,GGTCCTC,SIC_Index06,GACCTT,E7760,no,10.25.19,J.PLAGGENBERG,3,E7760,No,10.21.19,J.PLAGGENBERG,3,NEBNextPoly(A)E7490,E7760,No,random,10.10.19,J.PLAGGENBERG,3,DirectZol,no,Y,straight,Y,"NA",ZEV_induction,NA,NA,GCN4,SCGal,30,Estradiol,-1,1,sequence/run_4010_samplesBrent_3_GTAC_15_SIC_Index06_GGTCCTC_GACCTTGT_S17_L001_R1_001.fastq.gz,sequence/run_4010_samplesBrent_3_GTAC_15_SIC_Index06_GGTCCTC_GACCTTGT_S17_L001_R1_001_read_count.tsv
11.01.19,J.PLAGGENBERG,4,4010,NA,MiniSeq,MiniSeq,spikein,55.5,1,42098,Brent_4_GTAC_16_SIC_Index06_CGGTGGC_GACCTTGT_S18_L001_R1_001.fastq.gz,10.25.19,J.PLAGGENBERG,4,16,CGGTGGC,SIC_Index06,GACCTT,E7760,no,10.25.19,J.PLAGGENBERG,4,E7760,No,10.21.19,J.PLAGGENBERG,4,NEBNextPoly(A)E7490,E7760,No,random,10.10.19,J.PLAGGENBERG,4,DirectZol,no,Y,straight,Y,"NA",ZEV_induction_30min_delay,NA,NA,CBF1,SCGal,30,Estradiol,15,4,sequence/run_4010_samplesBrent_4_GTAC_16_SIC_Index06_CGGTGGC_GACCTTGT_S18_L001_R1_001.fastq.gz,sequence/run_4010_samplesBrent_4_GTAC_16_SIC_Index06_CGGTGGC_GACCTTGT_S18_L001_R1_001_read_count.tsv
11.01.19,J.PLAGGENBERG,4,4010,NA,MiniSeq,MiniSeq,spikein,55.5,1,42098,Brent_4_GTAC_16_SIC_Index06_CGGTGGC_GACCTTGT_S18_L001_R1_001.fastq.gz,10.25.19,J.PLAGGENBERG,4,16,CGGTGGC,SIC_Index06,GACCTT,E7760,no,10.25.19,J.PLAGGENBERG,4,E7760,No,10.21.19,J.PLAGGENBERG,4,NEBNextPoly(A)E7490,E7760,No,random,10.10.19,J.PLAGGENBERG,4,DirectZol,no,Y,straight,Y,"NA",ZEV_induction,NA,NA,TYE7,SCGal,30,Estradiol,-1,1,sequence/run_4010_samplesBrent_4_GTAC_16_SIC_Index06_CGGTGGC_GACCTTGT_S18_L001_R1_001.fastq.gz,sequence/run_4010_samplesBrent_4_GTAC_16_SIC_Index06_CGGTGGC_GACCTTGT_S18_L001_R1_001_read_count.tsv
11.01.19,J.PLAGGENBERG,5,4010,NA,MiniSeq,MiniSeq,spikein,96.6,1,38432,Brent_5_GTAC_17_SIC_Index06_ACTGTCG_GACCTTGT_S19_L001_R1_001.fastq.gz,10.25.19,J.PLAGGENBERG,5,17,ACTGTCG,SIC_Index06,GACCTT,E7760,no,10.25.19,J.PLAGGENBERG,5,E7760,No,10.21.19,J.PLAGGENBERG,5,NEBNextPoly(A)E7490,E7760,No,random,10.10.19,J.PLAGGENBERG,5,DirectZol,no,Y,straight,Y,"NA",ZEV_induction_30min_delay,NA,NA,CBF1,SCGal,30,EtoH,90,4,sequence/run_4010_samplesBrent_5_GTAC_17_SIC_Index06_ACTGTCG_GACCTTGT_S19_L001_R1_001.fastq.gz,sequence/run_4010_samplesBrent_5_GTAC_17_SIC_Index06_ACTGTCG_GACCTTGT_S19_L001_R1_001_read_count.tsv
11.01.19,J.PLAGGENBERG,5,4010,NA,MiniSeq,MiniSeq,spikein,96.6,1,38432,Brent_5_GTAC_17_SIC_Index06_ACTGTCG_GACCTTGT_S19_L001_R1_001.fastq.gz,10.25.19,J.PLAGGENBERG,5,17,ACTGTCG,SIC_Index06,GACCTT,E7760,no,10.25.19,J.PLAGGENBERG,5,E7760,No,10.21.19,J.PLAGGENBERG,5,NEBNextPoly(A)E7490,E7760,No,random,10.10.19,J.PLAGGENBERG,5,DirectZol,no,Y,straight,Y,"NA",ZEV_induction,NA,NA,GCN4,SCGal,30,EtoH,10,1,sequence/run_4010_samplesBrent_5_GTAC_17_SIC_Index06_ACTGTCG_GACCTTGT_S19_L001_R1_001.fastq.gz,sequence/run_4010_samplesBrent_5_GTAC_17_SIC_Index06_ACTGTCG_GACCTTGT_S19_L001_R1_001_read_count.tsv
11.01.19,J.PLAGGENBERG,6,4010,NA,MiniSeq,MiniSeq,spikein,116,1,39871,Brent_6_GTAC_18_SIC_Index06_GTATTTG_GACCTTGT_S20_L001_R1_001.fastq.gz,10.25.19,J.PLAGGENBERG,6,18,GTATTTG,SIC_Index06,GACCTT,E7760,no,10.25.19,J.PLAGGENBERG,6,E7760,No,10.21.19,J.PLAGGENBERG,6,NEBNextPoly(A)E7490,E7760,No,random,10.10.19,J.PLAGGENBERG,6,DirectZol,no,Y,straight,Y,"NA",ZEV_induction_30min_delay,NA,NA,CBF1,SCGal,30,Estradiol,90,4,sequence/run_4010_samplesBrent_6_GTAC_18_SIC_Index06_GTATTTG_GACCTTGT_S20_L001_R1_001.fastq.gz,sequence/run_4010_samplesBrent_6_GTAC_18_SIC_Index06_GTATTTG_GACCTTGT_S20_L001_R1_001_read_count.tsv
11.01.19,J.PLAGGENBERG,6,4010,NA,MiniSeq,MiniSeq,spikein,116,1,39871,Brent_6_GTAC_18_SIC_Index06_GTATTTG_GACCTTGT_S20_L001_R1_001.fastq.gz,10.25.19,J.PLAGGENBERG,6,18,GTATTTG,SIC_Index06,GACCTT,E7760,no,10.25.19,J.PLAGGENBERG,6,E7760,No,10.21.19,J.PLAGGENBERG,6,NEBNextPoly(A)E7490,E7760,No,random,10.10.19,J.PLAGGENBERG,6,DirectZol,no,Y,straight,Y,"NA",ZEV_induction,NA,NA,TYE7,SCGal,30,EtoH,10,1,sequence/run_4010_samplesBrent_6_GTAC_18_SIC_Index06_GTATTTG_GACCTTGT_S20_L001_R1_001.fastq.gz,sequence/run_4010_samplesBrent_6_GTAC_18_SIC_Index06_GTATTTG_GACCTTGT_S20_L001_R1_001_read_count.tsv
11.01.19,J.PLAGGENBERG,7,4010,NA,MiniSeq,MiniSeq,spikein,84.2,1,48450,Brent_7_GTAC_19_SIC_Index06_GAGTACG_GACCTTGT_S21_L001_R1_001.fastq.gz,10.25.19,J.PLAGGENBERG,7,19,GAGTACG,SIC_Index06,GACCTT,E7760,no,10.25.19,J.PLAGGENBERG,7,E7760,No,10.21.19,J.PLAGGENBERG,7,NEBNextPoly(A)E7490,E7760,No,random,10.10.19,J.PLAGGENBERG,7,DirectZol,no,Y,straight,Y,"NA",ZEV_induction_30min_delay,NA,NA,CBF1,SCGal,30,EtoH,-1,5,sequence/run_4010_samplesBrent_7_GTAC_19_SIC_Index06_GAGTACG_GACCTTGT_S21_L001_R1_001.fastq.gz,sequence/run_4010_samplesBrent_7_GTAC_19_SIC_Index06_GAGTACG_GACCTTGT_S21_L001_R1_001_read_count.tsv
11.01.19,J.PLAGGENBERG,7,4010,NA,MiniSeq,MiniSeq,spikein,84.2,1,48450,Brent_7_GTAC_19_SIC_Index06_GAGTACG_GACCTTGT_S21_L001_R1_001.fastq.gz,10.25.19,J.PLAGGENBERG,7,19,GAGTACG,SIC_Index06,GACCTT,E7760,no,10.25.19,J.PLAGGENBERG,7,E7760,No,10.21.19,J.PLAGGENBERG,7,NEBNextPoly(A)E7490,E7760,No,random,10.10.19,J.PLAGGENBERG,7,DirectZol,no,Y,straight,Y,"NA",ZEV_induction,NA,NA,GCN4,SCGal,30,Estradiol,10,1,sequence/run_4010_samplesBrent_7_GTAC_19_SIC_Index06_GAGTACG_GACCTTGT_S21_L001_R1_001.fastq.gz,sequence/run_4010_samplesBrent_7_GTAC_19_SIC_Index06_GAGTACG_GACCTTGT_S21_L001_R1_001_read_count.tsv
11.01.19,J.PLAGGENBERG,8,4010,NA,MiniSeq,MiniSeq,spikein,0.409,5,5040,Brent_8_GTAC_20_SIC_Index06_ACAGATA_GACCTTGT_S22_L001_R1_001.fastq.gz,10.25.19,J.PLAGGENBERG,8,20,ACAGATA,SIC_Index06,GACCTT,E7760,no,10.25.19,J.PLAGGENBERG,8,E7760,No,10.21.19,J.PLAGGENBERG,8,NEBNextPoly(A)E7490,E7760,No,random,10.10.19,J.PLAGGENBERG,8,DirectZol,no,Y,straight,Y,"NA",ZEV_induction_30min_delay,NA,NA,CBF1,SCGal,30,Estradiol,-1,5,sequence/run_4010_samplesBrent_8_GTAC_20_SIC_Index06_ACAGATA_GACCTTGT_S22_L001_R1_001.fastq.gz,sequence/run_4010_samplesBrent_8_GTAC_20_SIC_Index06_ACAGATA_GACCTTGT_S22_L001_R1_001_read_count.tsv
11.01.19,J.PLAGGENBERG,8,4010,NA,MiniSeq,MiniSeq,spikein,0.409,5,5040,Brent_8_GTAC_20_SIC_Index06_ACAGATA_GACCTTGT_S22_L001_R1_001.fastq.gz,10.25.19,J.PLAGGENBERG,8,20,ACAGATA,SIC_Index06,GACCTT,E7760,no,10.25.19,J.PLAGGENBERG,8,E7760,No,10.21.19,J.PLAGGENBERG,8,NEBNextPoly(A)E7490,E7760,No,random,10.10.19,J.PLAGGENBERG,8,DirectZol,no,Y,straight,Y,"NA",ZEV_induction,NA,NA,TYE7,SCGal,30,Estradiol,10,1,sequence/run_4010_samplesBrent_8_GTAC_20_SIC_Index06_ACAGATA_GACCTTGT_S22_L001_R1_001.fastq.gz,sequence/run_4010_samplesBrent_8_GTAC_20_SIC_Index06_ACAGATA_GACCTTGT_S22_L001_R1_001_read_count.tsv
11.01.19,J.PLAGGENBERG,9,4010,NA,MiniSeq,MiniSeq,spikein,101,1,41001,Brent_9_GTAC_21_SIC_Index06_CTCAATG_GACCTTGT_S23_L001_R1_001.fastq.gz,10.25.19,J.PLAGGENBERG,9,21,CTCAATG,SIC_Index06,GACCTT,E7760,no,10.25.19,J.PLAGGENBERG,9,E7760,No,10.21.19,J.PLAGGENBERG,9,NEBNextPoly(A)E7490,E7760,No,random,10.10.19,J.PLAGGENBERG,9,DirectZol,no,Y,straight,Y,"NA",ZEV_induction_30min_delay,NA,NA,CBF1,SCGal,30,EtoH,15,5,sequence/run_4010_samplesBrent_9_GTAC_21_SIC_Index06_CTCAATG_GACCTTGT_S23_L001_R1_001.fastq.gz,sequence/run_4010_samplesBrent_9_GTAC_21_SIC_Index06_CTCAATG_GACCTTGT_S23_L001_R1_001_read_count.tsv
11.01.19,J.PLAGGENBERG,9,4010,NA,MiniSeq,MiniSeq,spikein,101,1,41001,Brent_9_GTAC_21_SIC_Index06_CTCAATG_GACCTTGT_S23_L001_R1_001.fastq.gz,10.25.19,J.PLAGGENBERG,9,21,CTCAATG,SIC_Index06,GACCTT,E7760,no,10.25.19,J.PLAGGENBERG,9,E7760,No,10.21.19,J.PLAGGENBERG,9,NEBNextPoly(A)E7490,E7760,No,random,10.10.19,J.PLAGGENBERG,9,DirectZol,no,Y,straight,Y,"NA",ZEV_induction,NA,NA,GCN4,SCGal,30,EtoH,15,1,sequence/run_4010_samplesBrent_9_GTAC_21_SIC_Index06_CTCAATG_GACCTTGT_S23_L001_R1_001.fastq.gz,sequence/run_4010_samplesBrent_9_GTAC_21_SIC_Index06_CTCAATG_GACCTTGT_S23_L001_R1_001_read_count.tsv
11.01.19,J.PLAGGENBERG,10,4010,NA,MiniSeq,MiniSeq,spikein,81.2,1,44315,Brent_10_GTAC_22_SIC_Index06_AAATGCA_GACCTTGT_S24_L001_R1_001.fastq.gz,10.25.19,J.PLAGGENBERG,10,22,AAATGCA,SIC_Index06,GACCTT,E7760,no,10.25.19,J.PLAGGENBERG,10,E7760,No,10.21.19,J.PLAGGENBERG,10,NEBNextPoly(A)E7490,E7760,No,random,10.10.19,J.PLAGGENBERG,10,DirectZol,no,Y,straight,Y,"NA",ZEV_induction_30min_delay,NA,NA,CBF1,SCGal,30,Estradiol,15,5,sequence/run_4010_samplesBrent_10_GTAC_22_SIC_Index06_AAATGCA_GACCTTGT_S24_L001_R1_001.fastq.gz,sequence/run_4010_samplesBrent_10_GTAC_22_SIC_Index06_AAATGCA_GACCTTGT_S24_L001_R1_001_read_count.tsv
11.01.19,J.PLAGGENBERG,10,4010,NA,MiniSeq,MiniSeq,spikein,81.2,1,44315,Brent_10_GTAC_22_SIC_Index06_AAATGCA_GACCTTGT_S24_L001_R1_001.fastq.gz,10.25.19,J.PLAGGENBERG,10,22,AAATGCA,SIC_Index06,GACCTT,E7760,no,10.25.19,J.PLAGGENBERG,10,E7760,No,10.21.19,J.PLAGGENBERG,10,NEBNextPoly(A)E7490,E7760,No,random,10.10.19,J.PLAGGENBERG,10,DirectZol,no,Y,straight,Y,"NA",ZEV_induction,NA,NA,TYE7,SCGal,30,EtoH,15,1,sequence/run_4010_samplesBrent_10_GTAC_22_SIC_Index06_AAATGCA_GACCTTGT_S24_L001_R1_001.fastq.gz,sequence/run_4010_samplesBrent_10_GTAC_22_SIC_Index06_AAATGCA_GACCTTGT_S24_L001_R1_001_read_count.tsv
11.01.19,J.PLAGGENBERG,11,4010,NA,MiniSeq,MiniSeq,spikein,202,1,23211,Brent_11_GTAC_23_SIC_Index06_ACGCGGG_GACCTTGT_S25_L001_R1_001.fastq.gz,10.25.19,J.PLAGGENBERG,11,23,ACGCGGG,SIC_Index06,GACCTT,E7760,no,10.25.19,J.PLAGGENBERG,11,E7760,No,10.21.19,J.PLAGGENBERG,11,NEBNextPoly(A)E7490,E7760,No,random,10.10.19,J.PLAGGENBERG,11,DirectZol,no,Y,straight,Y,"NA",ZEV_induction_30min_delay,NA,NA,CBF1,SCGal,30,EtoH,90,5,sequence/run_4010_samplesBrent_11_GTAC_23_SIC_Index06_ACGCGGG_GACCTTGT_S25_L001_R1_001.fastq.gz,sequence/run_4010_samplesBrent_11_GTAC_23_SIC_Index06_ACGCGGG_GACCTTGT_S25_L001_R1_001_read_count.tsv
11.01.19,J.PLAGGENBERG,11,4010,NA,MiniSeq,MiniSeq,spikein,202,1,23211,Brent_11_GTAC_23_SIC_Index06_ACGCGGG_GACCTTGT_S25_L001_R1_001.fastq.gz,10.25.19,J.PLAGGENBERG,11,23,ACGCGGG,SIC_Index06,GACCTT,E7760,no,10.25.19,J.PLAGGENBERG,11,E7760,No,10.21.19,J.PLAGGENBERG,11,NEBNextPoly(A)E7490,E7760,No,random,10.10.19,J.PLAGGENBERG,11,DirectZol,no,Y,straight,Y,"NA",ZEV_induction,NA,NA,GCN4,SCGal,30,Estradiol,15,1,sequence/run_4010_samplesBrent_11_GTAC_23_SIC_Index06_ACGCGGG_GACCTTGT_S25_L001_R1_001.fastq.gz,sequence/run_4010_samplesBrent_11_GTAC_23_SIC_Index06_ACGCGGG_GACCTTGT_S25_L001_R1_001_read_count.tsv
11.01.19,J.PLAGGENBERG,12,4010,NA,MiniSeq,MiniSeq,spikein,86.7,1,45955,Brent_12_GTAC_24_SIC_Index06_GGAGTCC_GACCTTGT_S26_L001_R1_001.fastq.gz,10.25.19,J.PLAGGENBERG,12,24,GGAGTCC,SIC_Index06,GACCTT,E7760,no,10.25.19,J.PLAGGENBERG,12,E7760,No,10.21.19,J.PLAGGENBERG,12,NEBNextPoly(A)E7490,E7760,No,random,10.10.19,J.PLAGGENBERG,12,DirectZol,no,Y,straight,Y,"NA",ZEV_induction_30min_delay,NA,NA,CBF1,SCGal,30,Estradiol,90,5,sequence/run_4010_samplesBrent_12_GTAC_24_SIC_Index06_GGAGTCC_GACCTTGT_S26_L001_R1_001.fastq.gz,sequence/run_4010_samplesBrent_12_GTAC_24_SIC_Index06_GGAGTCC_GACCTTGT_S26_L001_R1_001_read_count.tsv
11.01.19,J.PLAGGENBERG,12,4010,NA,MiniSeq,MiniSeq,spikein,86.7,1,45955,Brent_12_GTAC_24_SIC_Index06_GGAGTCC_GACCTTGT_S26_L001_R1_001.fastq.gz,10.25.19,J.PLAGGENBERG,12,24,GGAGTCC,SIC_Index06,GACCTT,E7760,no,10.25.19,J.PLAGGENBERG,12,E7760,No,10.21.19,J.PLAGGENBERG,12,NEBNextPoly(A)E7490,E7760,No,random,10.10.19,J.PLAGGENBERG,12,DirectZol,no,Y,straight,Y,"NA",ZEV_induction,NA,NA,TYE7,SCGal,30,Estradiol,15,1,sequence/run_4010_samplesBrent_12_GTAC_24_SIC_Index06_GGAGTCC_GACCTTGT_S26_L001_R1_001.fastq.gz,sequence/run_4010_samplesBrent_12_GTAC_24_SIC_Index06_GGAGTCC_GACCTTGT_S26_L001_R1_001_read_count.tsv
11.01.19,J.PLAGGENBERG,13,4010,NA,MiniSeq,MiniSeq,spikein,62.9,1,48377,Brent_13_GTAC_25_SIC_Index06_CGTCGCT_GACCTTGT_S27_L001_R1_001.fastq.gz,10.25.19,J.PLAGGENBERG,13,25,CGTCGCT,SIC_Index06,GACCTT,E7760,no,10.25.19,J.PLAGGENBERG,13,E7760,No,10.21.19,J.PLAGGENBERG,13,NEBNextPoly(A)E7490,E7760,No,random,10.10.19,J.PLAGGENBERG,13,DirectZol,no,Y,straight,Y,"NA",ZEV_induction,NA,NA,GCN4,SCGal,30,EtoH,20,1,sequence/run_4010_samplesBrent_13_GTAC_25_SIC_Index06_CGTCGCT_GACCTTGT_S27_L001_R1_001.fastq.gz,sequence/run_4010_samplesBrent_13_GTAC_25_SIC_Index06_CGTCGCT_GACCTTGT_S27_L001_R1_001_read_count.tsv
11.01.19,J.PLAGGENBERG,14,4010,NA,MiniSeq,MiniSeq,spikein,122,1,33177,Brent_14_GTAC_26_SIC_Index06_TCAACTG_GACCTTGT_S28_L001_R1_001.fastq.gz,10.25.19,J.PLAGGENBERG,14,26,TCAACTG,SIC_Index06,GACCTT,E7760,no,10.25.19,J.PLAGGENBERG,14,E7760,No,10.21.19,J.PLAGGENBERG,14,NEBNextPoly(A)E7490,E7760,No,random,10.10.19,J.PLAGGENBERG,14,DirectZol,no,Y,straight,Y,"NA",ZEV_induction,NA,NA,TYE7,SCGal,30,EtoH,20,1,sequence/run_4010_samplesBrent_14_GTAC_26_SIC_Index06_TCAACTG_GACCTTGT_S28_L001_R1_001.fastq.gz,sequence/run_4010_samplesBrent_14_GTAC_26_SIC_Index06_TCAACTG_GACCTTGT_S28_L001_R1_001_read_count.tsv
11.01.19,J.PLAGGENBERG,15,4010,NA,MiniSeq,MiniSeq,spikein,43.2,1,45021,Brent_15_GTAC_27_SIC_Index06_TGTTTGT_GACCTTGT_S29_L001_R1_001.fastq.gz,10.25.19,J.PLAGGENBERG,15,27,TGTTTGT,SIC_Index06,GACCTT,E7760,no,10.25.19,J.PLAGGENBERG,15,E7760,No,10.21.19,J.PLAGGENBERG,15,NEBNextPoly(A)E7490,E7760,No,random,10.10.19,J.PLAGGENBERG,15,DirectZol,no,Y,straight,Y,"NA",ZEV_induction,NA,NA,GCN4,SCGal,30,Estradiol,20,1,sequence/run_4010_samplesBrent_15_GTAC_27_SIC_Index06_TGTTTGT_GACCTTGT_S29_L001_R1_001.fastq.gz,sequence/run_4010_samplesBrent_15_GTAC_27_SIC_Index06_TGTTTGT_GACCTTGT_S29_L001_R1_001_read_count.tsv
11.01.19,J.PLAGGENBERG,16,4010,NA,MiniSeq,MiniSeq,spikein,0.279,5,1712,Brent_16_GTAC_28_SIC_Index06_TACATGG_GACCTTGT_S30_L001_R1_001.fastq.gz,10.25.19,J.PLAGGENBERG,16,28,TACATGG,SIC_Index06,GACCTT,E7760,no,10.25.19,J.PLAGGENBERG,16,E7760,No,10.21.19,J.PLAGGENBERG,16,NEBNextPoly(A)E7490,E7760,No,random,10.10.19,J.PLAGGENBERG,16,DirectZol,no,Y,straight,Y,"NA",ZEV_induction,NA,NA,TYE7,SCGal,30,Estradiol,20,1,sequence/run_4010_samplesBrent_16_GTAC_28_SIC_Index06_TACATGG_GACCTTGT_S30_L001_R1_001.fastq.gz,sequence/run_4010_samplesBrent_16_GTAC_28_SIC_Index06_TACATGG_GACCTTGT_S30_L001_R1_001_read_count.tsv
11.01.19,J.PLAGGENBERG,17,4010,NA,MiniSeq,MiniSeq,spikein,32.5,1,42421,Brent_17_GTAC_29_SIC_Index06_GTTCTCA_GACCTTGT_S31_L001_R1_001.fastq.gz,10.25.19,J.PLAGGENBERG,17,29,GTTCTCA,SIC_Index06,GACCTT,E7760,no,10.25.19,J.PLAGGENBERG,17,E7760,No,10.21.19,J.PLAGGENBERG,17,NEBNextPoly(A)E7490,E7760,No,random,10.10.19,J.PLAGGENBERG,17,DirectZol,no,Y,straight,Y,"NA",ZEV_induction,NA,NA,GCN4,SCGal,30,EtoH,90,1,sequence/run_4010_samplesBrent_17_GTAC_29_SIC_Index06_GTTCTCA_GACCTTGT_S31_L001_R1_001.fastq.gz,sequence/run_4010_samplesBrent_17_GTAC_29_SIC_Index06_GTTCTCA_GACCTTGT_S31_L001_R1_001_read_count.tsv
11.01.19,J.PLAGGENBERG,18,4010,NA,MiniSeq,MiniSeq,spikein,201,1,28016,Brent_18_GTAC_30_SIC_Index06_CTGGTGG_GACCTTGT_S32_L001_R1_001.fastq.gz,10.25.19,J.PLAGGENBERG,18,30,CTGGTGG,SIC_Index06,GACCTT,E7760,no,10.25.19,J.PLAGGENBERG,18,E7760,No,10.21.19,J.PLAGGENBERG,18,NEBNextPoly(A)E7490,E7760,No,random,10.10.19,J.PLAGGENBERG,18,DirectZol,no,Y,straight,Y,"NA",ZEV_induction,NA,NA,TYE7,SCGal,30,EtoH,90,1,sequence/run_4010_samplesBrent_18_GTAC_30_SIC_Index06_CTGGTGG_GACCTTGT_S32_L001_R1_001.fastq.gz,sequence/run_4010_samplesBrent_18_GTAC_30_SIC_Index06_CTGGTGG_GACCTTGT_S32_L001_R1_001_read_count.tsv
11.01.19,J.PLAGGENBERG,19,4010,NA,MiniSeq,MiniSeq,spikein,183,1,34055,Brent_19_GTAC_31_SIC_Index06_TGCCCAT_GACCTTGT_S33_L001_R1_001.fastq.gz,10.25.19,J.PLAGGENBERG,19,31,TGCCCAT,SIC_Index06,GACCTT,E7760,no,10.25.19,J.PLAGGENBERG,19,E7760,No,10.21.19,J.PLAGGENBERG,19,NEBNextPoly(A)E7490,E7760,No,random,10.10.19,J.PLAGGENBERG,19,DirectZol,no,Y,straight,Y,"NA",ZEV_induction,NA,NA,GCN4,SCGal,30,Estradiol,90,1,sequence/run_4010_samplesBrent_19_GTAC_31_SIC_Index06_TGCCCAT_GACCTTGT_S33_L001_R1_001.fastq.gz,sequence/run_4010_samplesBrent_19_GTAC_31_SIC_Index06_TGCCCAT_GACCTTGT_S33_L001_R1_001_read_count.tsv
11.01.19,J.PLAGGENBERG,20,4010,NA,MiniSeq,MiniSeq,spikein,104,1,33545,Brent_20_GTAC_32_SIC_Index06_AAACCTT_GACCTTGT_S34_L001_R1_001.fastq.gz,10.25.19,J.PLAGGENBERG,20,32,AAACCTT,SIC_Index06,GACCTT,E7760,no,10.25.19,J.PLAGGENBERG,20,E7760,No,10.21.19,J.PLAGGENBERG,20,NEBNextPoly(A)E7490,E7760,No,random,10.10.19,J.PLAGGENBERG,20,DirectZol,no,Y,straight,Y,"NA",ZEV_induction,NA,NA,TYE7,SCGal,30,Estradiol,90,1,sequence/run_4010_samplesBrent_20_GTAC_32_SIC_Index06_AAACCTT_GACCTTGT_S34_L001_R1_001.fastq.gz,sequence/run_4010_samplesBrent_20_GTAC_32_SIC_Index06_AAACCTT_GACCTTGT_S34_L001_R1_001_read_count.tsv
11.01.19,J.PLAGGENBERG,21,4010,NA,MiniSeq,MiniSeq,spikein,39.3,1,56016,Brent_21_GTAC_33_SIC_Index06_ACCATAC_GACCTTGT_S35_L001_R1_001.fastq.gz,10.25.19,J.PLAGGENBERG,21,33,ACCATAC,SIC_Index06,GACCTT,E7760,no,10.25.19,J.PLAGGENBERG,21,E7760,No,10.21.19,J.PLAGGENBERG,21,NEBNextPoly(A)E7490,E7760,No,random,10.11.19,J.PLAGGENBERG,21,DirectZol,no,Y,straight,Y,"NA",ZEV_induction,NA,NA,GCN4,SCGal,30,EtoH,-1,2,sequence/run_4010_samplesBrent_21_GTAC_33_SIC_Index06_ACCATAC_GACCTTGT_S35_L001_R1_001.fastq.gz,sequence/run_4010_samplesBrent_21_GTAC_33_SIC_Index06_ACCATAC_GACCTTGT_S35_L001_R1_001_read_count.tsv
11.01.19,J.PLAGGENBERG,22,4010,NA,MiniSeq,MiniSeq,spikein,67.2,1,33493,Brent_22_GTAC_34_SIC_Index06_AATACGC_GACCTTGT_S36_L001_R1_001.fastq.gz,10.25.19,J.PLAGGENBERG,22,34,AATACGC,SIC_Index06,GACCTT,E7760,no,10.25.19,J.PLAGGENBERG,22,E7760,No,10.21.19,J.PLAGGENBERG,22,NEBNextPoly(A)E7490,E7760,No,random,10.11.19,J.PLAGGENBERG,22,DirectZol,no,Y,straight,Y,"NA",ZEV_induction,NA,NA,TYE7,SCGal,30,EtoH,-1,2,sequence/run_4010_samplesBrent_22_GTAC_34_SIC_Index06_AATACGC_GACCTTGT_S36_L001_R1_001.fastq.gz,sequence/run_4010_samplesBrent_22_GTAC_34_SIC_Index06_AATACGC_GACCTTGT_S36_L001_R1_001_read_count.tsv
11.01.19,J.PLAGGENBERG,23,4010,NA,MiniSeq,MiniSeq,spikein,26.5,1,40822,Brent_23_GTAC_35_SIC_Index06_CGCTACA_GACCTTGT_S37_L001_R1_001.fastq.gz,10.25.19,J.PLAGGENBERG,23,35,CGCTACA,SIC_Index06,GACCTT,E7760,no,10.25.19,J.PLAGGENBERG,23,E7760,No,10.21.19,J.PLAGGENBERG,23,NEBNextPoly(A)E7490,E7760,No,random,10.11.19,J.PLAGGENBERG,23,DirectZol,no,Y,straight,Y,"NA",ZEV_induction,NA,NA,GCN4,SCGal,30,Estradiol,-1,2,sequence/run_4010_samplesBrent_23_GTAC_35_SIC_Index06_CGCTACA_GACCTTGT_S37_L001_R1_001.fastq.gz,sequence/run_4010_samplesBrent_23_GTAC_35_SIC_Index06_CGCTACA_GACCTTGT_S37_L001_R1_001_read_count.tsv
11.01.19,J.PLAGGENBERG,24,4010,NA,MiniSeq,MiniSeq,spikein,83.5,1,33080,Brent_24_GTAC_36_SIC_Index06_TGGCATA_GACCTTGT_S38_L001_R1_001.fastq.gz,10.25.19,J.PLAGGENBERG,24,36,TGGCATA,SIC_Index06,GACCTT,E7760,no,10.25.19,J.PLAGGENBERG,24,E7760,No,10.21.19,J.PLAGGENBERG,24,NEBNextPoly(A)E7490,E7760,No,random,10.11.19,J.PLAGGENBERG,24,DirectZol,no,Y,straight,Y,"NA",ZEV_induction,NA,NA,TYE7,SCGal,30,Estradiol,-1,2,sequence/run_4010_samplesBrent_24_GTAC_36_SIC_Index06_TGGCATA_GACCTTGT_S38_L001_R1_001.fastq.gz,sequence/run_4010_samplesBrent_24_GTAC_36_SIC_Index06_TGGCATA_GACCTTGT_S38_L001_R1_001_read_count.tsv
11.01.19,J.PLAGGENBERG,25,4010,NA,MiniSeq,MiniSeq,spikein,10.4,1,73914,Brent_25_GTAC_37_SIC_Index06_TTTTGTC_GACCTTGT_S39_L001_R1_001.fastq.gz,10.25.19,J.PLAGGENBERG,25,37,TTTTGTC,SIC_Index06,GACCTT,E7760,no,10.25.19,J.PLAGGENBERG,25,E7760,No,10.21.19,J.PLAGGENBERG,25,NEBNextPoly(A)E7490,E7760,No,random,10.11.19,J.PLAGGENBERG,25,DirectZol,no,Y,straight,Y,"NA",ZEV_induction,NA,NA,GCN4,SCGal,30,EtoH,10,2,sequence/run_4010_samplesBrent_25_GTAC_37_SIC_Index06_TTTTGTC_GACCTTGT_S39_L001_R1_001.fastq.gz,sequence/run_4010_samplesBrent_25_GTAC_37_SIC_Index06_TTTTGTC_GACCTTGT_S39_L001_R1_001_read_count.tsv
11.01.19,J.PLAGGENBERG,26,4010,NA,MiniSeq,MiniSeq,spikein,108,1,15550,rent_26_GTAC_38_SIC_Index06_ACCCACT_GACCTTGT_S40_L001_R1_001.fastq.gz,10.25.19,J.PLAGGENBERG,26,38,ACCCACT,SIC_Index06,GACCTT,E7760,no,10.25.19,J.PLAGGENBERG,26,E7760,No,10.21.19,J.PLAGGENBERG,26,NEBNextPoly(A)E7490,E7760,No,random,10.11.19,J.PLAGGENBERG,26,DirectZol,no,Y,straight,Y,"NA",ZEV_induction,NA,NA,TYE7,SCGal,30,EtoH,10,2,sequence/run_4010_samplesrent_26_GTAC_38_SIC_Index06_ACCCACT_GACCTTGT_S40_L001_R1_001.fastq.gz,sequence/run_4010_samplesrent_26_GTAC_38_SIC_Index06_ACCCACT_GACCTTGT_S40_L001_R1_001_read_count.tsv
11.01.19,J.PLAGGENBERG,27,4010,NA,MiniSeq,MiniSeq,spikein,87.4,1,31849,Brent_27_GTAC_39_SIC_Index06_CCGGACC_GACCTTGT_S41_L001_R1_001.fastq.gz,10.25.19,J.PLAGGENBERG,27,39,CCGGACC,SIC_Index06,GACCTT,E7760,no,10.25.19,J.PLAGGENBERG,27,E7760,No,10.21.19,J.PLAGGENBERG,27,NEBNextPoly(A)E7490,E7760,No,random,10.11.19,J.PLAGGENBERG,27,DirectZol,no,Y,straight,Y,"NA",ZEV_induction,NA,NA,GCN4,SCGal,30,Estradiol,10,2,sequence/run_4010_samplesBrent_27_GTAC_39_SIC_Index06_CCGGACC_GACCTTGT_S41_L001_R1_001.fastq.gz,sequence/run_4010_samplesBrent_27_GTAC_39_SIC_Index06_CCGGACC_GACCTTGT_S41_L001_R1_001_read_count.tsv
11.01.19,J.PLAGGENBERG,28,4010,NA,MiniSeq,MiniSeq,spikein,46.8,1,25670,Brent_28_GTAC_40_SIC_Index06_GTACGGC_GACCTTGT_S42_L001_R1_001.fastq.gz,10.25.19,J.PLAGGENBERG,28,40,GTACGGC,SIC_Index06,GACCTT,E7760,no,10.25.19,J.PLAGGENBERG,28,E7760,No,10.21.19,J.PLAGGENBERG,28,NEBNextPoly(A)E7490,E7760,No,random,10.11.19,J.PLAGGENBERG,28,DirectZol,no,Y,straight,Y,"NA",ZEV_induction,NA,NA,TYE7,SCGal,30,Estradiol,10,2,sequence/run_4010_samplesBrent_28_GTAC_40_SIC_Index06_GTACGGC_GACCTTGT_S42_L001_R1_001.fastq.gz,sequence/run_4010_samplesBrent_28_GTAC_40_SIC_Index06_GTACGGC_GACCTTGT_S42_L001_R1_001_read_count.tsv
11.01.19,J.PLAGGENBERG,29,4010,NA,MiniSeq,MiniSeq,spikein,95,1,40872,Brent_29_GTAC_41_SIC_Index06_TTGCCCC_GACCTTGT_S43_L001_R1_001.fastq.gz,10.25.19,J.PLAGGENBERG,29,41,TTGCCCC,SIC_Index06,GACCTT,E7760,no,10.25.19,J.PLAGGENBERG,29,E7760,No,10.21.19,J.PLAGGENBERG,29,NEBNextPoly(A)E7490,E7760,No,random,10.11.19,J.PLAGGENBERG,29,DirectZol,no,Y,straight,Y,"NA",ZEV_induction,NA,NA,GCN4,SCGal,30,EtoH,15,2,sequence/run_4010_samplesBrent_29_GTAC_41_SIC_Index06_TTGCCCC_GACCTTGT_S43_L001_R1_001.fastq.gz,sequence/run_4010_samplesBrent_29_GTAC_41_SIC_Index06_TTGCCCC_GACCTTGT_S43_L001_R1_001_read_count.tsv
11.01.19,J.PLAGGENBERG,30,4010,NA,MiniSeq,MiniSeq,spikein,47.9,1,49228,Brent_30_GTAC_42_SIC_Index06_ACTCCAA_GACCTTGT_S44_L001_R1_001.fastq.gz,10.25.19,J.PLAGGENBERG,30,42,ACTCCAA,SIC_Index06,GACCTT,E7760,no,10.25.19,J.PLAGGENBERG,30,E7760,No,10.21.19,J.PLAGGENBERG,30,NEBNextPoly(A)E7490,E7760,No,random,10.11.19,J.PLAGGENBERG,30,DirectZol,no,Y,straight,Y,"NA",ZEV_induction,NA,NA,TYE7,SCGal,30,EtoH,15,2,sequence/run_4010_samplesBrent_30_GTAC_42_SIC_Index06_ACTCCAA_GACCTTGT_S44_L001_R1_001.fastq.gz,sequence/run_4010_samplesBrent_30_GTAC_42_SIC_Index06_ACTCCAA_GACCTTGT_S44_L001_R1_001_read_count.tsv
11.01.19,J.PLAGGENBERG,31,4010,NA,MiniSeq,MiniSeq,spikein,29.3,1,45937,Brent_31_GTAC_43_SIC_Index06_TGTGCCA_GACCTTGT_S45_L001_R1_001.fastq.gz,10.25.19,J.PLAGGENBERG,31,43,TGTGCCA,SIC_Index06,GACCTT,E7760,no,10.25.19,J.PLAGGENBERG,31,E7760,No,10.21.19,J.PLAGGENBERG,31,NEBNextPoly(A)E7490,E7760,No,random,10.11.19,J.PLAGGENBERG,31,DirectZol,no,Y,straight,Y,"NA",ZEV_induction,NA,NA,GCN4,SCGal,30,Estradiol,15,2,sequence/run_4010_samplesBrent_31_GTAC_43_SIC_Index06_TGTGCCA_GACCTTGT_S45_L001_R1_001.fastq.gz,sequence/run_4010_samplesBrent_31_GTAC_43_SIC_Index06_TGTGCCA_GACCTTGT_S45_L001_R1_001_read_count.tsv
11.01.19,J.PLAGGENBERG,32,4010,NA,MiniSeq,MiniSeq,spikein,86.4,1,28451,Brent_32_GTAC_44_SIC_Index06_AACGGAG_GACCTTGT_S46_L001_R1_001.fastq.gz,10.25.19,J.PLAGGENBERG,32,44,AACGGAG,SIC_Index06,GACCTT,E7760,no,10.25.19,J.PLAGGENBERG,32,E7760,No,10.21.19,J.PLAGGENBERG,32,NEBNextPoly(A)E7490,E7760,No,random,10.11.19,J.PLAGGENBERG,32,DirectZol,no,Y,straight,Y,"NA",ZEV_induction,NA,NA,TYE7,SCGal,30,Estradiol,15,2,sequence/run_4010_samplesBrent_32_GTAC_44_SIC_Index06_AACGGAG_GACCTTGT_S46_L001_R1_001.fastq.gz,sequence/run_4010_samplesBrent_32_GTAC_44_SIC_Index06_AACGGAG_GACCTTGT_S46_L001_R1_001_read_count.tsv
11.01.19,J.PLAGGENBERG,33,4010,NA,MiniSeq,MiniSeq,spikein,69,1,48840,Brent_33_GTAC_45_SIC_Index06_GATAGTT_GACCTTGT_S47_L001_R1_001.fastq.gz,10.25.19,J.PLAGGENBERG,33,45,GATAGTT,SIC_Index06,GACCTT,E7760,no,10.25.19,J.PLAGGENBERG,33,E7760,No,10.21.19,J.PLAGGENBERG,33,NEBNextPoly(A)E7490,E7760,No,random,10.11.19,J.PLAGGENBERG,33,DirectZol,no,Y,straight,Y,"NA",ZEV_induction,NA,NA,GCN4,SCGal,30,EtoH,20,2,sequence/run_4010_samplesBrent_33_GTAC_45_SIC_Index06_GATAGTT_GACCTTGT_S47_L001_R1_001.fastq.gz,sequence/run_4010_samplesBrent_33_GTAC_45_SIC_Index06_GATAGTT_GACCTTGT_S47_L001_R1_001_read_count.tsv
11.01.19,J.PLAGGENBERG,34,4010,NA,MiniSeq,MiniSeq,spikein,87.3,1,43346,Brent_34_GTAC_46_SIC_Index06_GGTGAAT_GACCTTGT_S48_L001_R1_001.fastq.gz,10.25.19,J.PLAGGENBERG,34,46,GGTGAAT,SIC_Index06,GACCTT,E7760,no,10.25.19,J.PLAGGENBERG,34,E7760,No,10.21.19,J.PLAGGENBERG,34,NEBNextPoly(A)E7490,E7760,No,random,10.11.19,J.PLAGGENBERG,34,DirectZol,no,Y,straight,Y,"NA",ZEV_induction,NA,NA,TYE7,SCGal,30,EtoH,20,2,sequence/run_4010_samplesBrent_34_GTAC_46_SIC_Index06_GGTGAAT_GACCTTGT_S48_L001_R1_001.fastq.gz,sequence/run_4010_samplesBrent_34_GTAC_46_SIC_Index06_GGTGAAT_GACCTTGT_S48_L001_R1_001_read_count.tsv
11.01.19,J.PLAGGENBERG,35,4010,NA,MiniSeq,MiniSeq,spikein,27.7,1,74335,Brent_35_GTAC_47_SIC_Index06_ATGTTCT_GACCTTGT_S49_L001_R1_001.fastq.gz,10.25.19,J.PLAGGENBERG,35,47,ATGTTCT,SIC_Index06,GACCTT,E7760,no,10.25.19,J.PLAGGENBERG,35,E7760,No,10.21.19,J.PLAGGENBERG,35,NEBNextPoly(A)E7490,E7760,No,random,10.11.19,J.PLAGGENBERG,35,DirectZol,no,Y,straight,Y,"NA",ZEV_induction,NA,NA,GCN4,SCGal,30,Estradiol,20,2,sequence/run_4010_samplesBrent_35_GTAC_47_SIC_Index06_ATGTTCT_GACCTTGT_S49_L001_R1_001.fastq.gz,sequence/run_4010_samplesBrent_35_GTAC_47_SIC_Index06_ATGTTCT_GACCTTGT_S49_L001_R1_001_read_count.tsv
11.01.19,J.PLAGGENBERG,36,4010,NA,MiniSeq,MiniSeq,spikein,116,1,44942,Brent_36_GTAC_48_SIC_Index06_GTAAAAA_GACCTTGT_S50_L001_R1_001.fastq.gz,10.25.19,J.PLAGGENBERG,36,48,GTAAAAA,SIC_Index06,GACCTT,E7760,no,10.25.19,J.PLAGGENBERG,36,E7760,No,10.21.19,J.PLAGGENBERG,36,NEBNextPoly(A)E7490,E7760,No,random,10.11.19,J.PLAGGENBERG,36,DirectZol,no,Y,straight,Y,"NA",ZEV_induction,NA,NA,TYE7,SCGal,30,Estradiol,20,2,sequence/run_4010_samplesBrent_36_GTAC_48_SIC_Index06_GTAAAAA_GACCTTGT_S50_L001_R1_001.fastq.gz,sequence/run_4010_samplesBrent_36_GTAC_48_SIC_Index06_GTAAAAA_GACCTTGT_S50_L001_R1_001_read_count.tsv
11.01.19,J.PLAGGENBERG,37,4010,NA,MiniSeq,MiniSeq,spikein,94.3,1,39018,Brent_37_GTAC_49_SIC_Index06_GTCTGAT_GACCTTGT_S51_L001_R1_001.fastq.gz,10.25.19,J.PLAGGENBERG,37,49,GTCTGAT,SIC_Index06,GACCTT,E7760,no,10.25.19,J.PLAGGENBERG,37,E7760,No,10.21.19,J.PLAGGENBERG,37,NEBNextPoly(A)E7490,E7760,No,random,10.11.19,J.PLAGGENBERG,37,DirectZol,no,Y,straight,Y,"NA",ZEV_induction,NA,NA,GCN4,SCGal,30,EtoH,90,2,sequence/run_4010_samplesBrent_37_GTAC_49_SIC_Index06_GTCTGAT_GACCTTGT_S51_L001_R1_001.fastq.gz,sequence/run_4010_samplesBrent_37_GTAC_49_SIC_Index06_GTCTGAT_GACCTTGT_S51_L001_R1_001_read_count.tsv
11.01.19,J.PLAGGENBERG,38,4010,NA,MiniSeq,MiniSeq,spikein,145,1,40649,Brent_38_GTAC_50_SIC_Index06_CAATATC_GACCTTGT_S52_L001_R1_001.fastq.gz,10.25.19,J.PLAGGENBERG,38,50,CAATATC,SIC_Index06,GACCTT,E7760,no,10.25.19,J.PLAGGENBERG,38,E7760,No,10.21.19,J.PLAGGENBERG,38,NEBNextPoly(A)E7490,E7760,No,random,10.11.19,J.PLAGGENBERG,38,DirectZol,no,Y,straight,Y,"NA",ZEV_induction,NA,NA,TYE7,SCGal,30,EtoH,90,2,sequence/run_4010_samplesBrent_38_GTAC_50_SIC_Index06_CAATATC_GACCTTGT_S52_L001_R1_001.fastq.gz,sequence/run_4010_samplesBrent_38_GTAC_50_SIC_Index06_CAATATC_GACCTTGT_S52_L001_R1_001_read_count.tsv
11.01.19,J.PLAGGENBERG,39,4010,NA,MiniSeq,MiniSeq,spikein,11.1,0.9,68274,Brent_39_GTAC_51_SIC_Index06_CTCCCGA_GACCTTGT_S53_L001_R1_001.fastq.gz,10.25.19,J.PLAGGENBERG,39,51,CTCCCGA,SIC_Index06,GACCTT,E7760,no,10.25.19,J.PLAGGENBERG,39,E7760,No,10.21.19,J.PLAGGENBERG,39,NEBNextPoly(A)E7490,E7760,No,random,10.11.19,J.PLAGGENBERG,39,DirectZol,no,Y,straight,Y,"NA",ZEV_induction,NA,NA,GCN4,SCGal,30,Estradiol,90,2,sequence/run_4010_samplesBrent_39_GTAC_51_SIC_Index06_CTCCCGA_GACCTTGT_S53_L001_R1_001.fastq.gz,sequence/run_4010_samplesBrent_39_GTAC_51_SIC_Index06_CTCCCGA_GACCTTGT_S53_L001_R1_001_read_count.tsv
11.01.19,J.PLAGGENBERG,40,4010,NA,MiniSeq,MiniSeq,spikein,34.3,1,37750,Brent_40_GTAC_52_SIC_Index06_GCCGTTT_GACCTTGT_S54_L001_R1_001.fastq.gz,10.25.19,J.PLAGGENBERG,40,52,GCCGTTT,SIC_Index06,GACCTT,E7760,no,10.25.19,J.PLAGGENBERG,40,E7760,No,10.21.19,J.PLAGGENBERG,40,NEBNextPoly(A)E7490,E7760,No,random,10.11.19,J.PLAGGENBERG,40,DirectZol,no,Y,straight,Y,"NA",ZEV_induction,NA,NA,TYE7,SCGal,30,Estradiol,90,2,sequence/run_4010_samplesBrent_40_GTAC_52_SIC_Index06_GCCGTTT_GACCTTGT_S54_L001_R1_001.fastq.gz,sequence/run_4010_samplesBrent_40_GTAC_52_SIC_Index06_GCCGTTT_GACCTTGT_S54_L001_R1_001_read_count.tsv
10.22.19,J.PLAGGENBERG,1,4010,NA,MiniSeq,MiniSeq,spikein,88.2,1,42,Brent_C1_GTAC_1_SIC_Index06_TGAGGTT_GACCTTGT_S3_L001_R1_001.fastq.gz,10.21.19,J.PLAGGENBERG,1,1,TGAGGTT,SIC_Index06,GACCTT,E7760,no,10.21.19,J.PLAGGENBERG,1,E7760,No,10.11.19,A.BOODRAM,1,NEBNextPoly(A)E7490,E7760,No,random,10.10.19,J.PLAGGENBERG,1,DirectZol,no,Y,straight,Y,"NA",ZEV_induction_30min_delay,NA,NA,CBF1,SCGal,30,EtoH,-1,4,sequence/run_4010_samplesBrent_C1_GTAC_1_SIC_Index06_TGAGGTT_GACCTTGT_S3_L001_R1_001.fastq.gz,sequence/run_4010_samplesBrent_C1_GTAC_1_SIC_Index06_TGAGGTT_GACCTTGT_S3_L001_R1_001_read_count.tsv
10.22.19,J.PLAGGENBERG,1,4010,NA,MiniSeq,MiniSeq,spikein,88.2,1,42,Brent_C1_GTAC_1_SIC_Index06_TGAGGTT_GACCTTGT_S3_L001_R1_001.fastq.gz,10.21.19,J.PLAGGENBERG,1,1,TGAGGTT,SIC_Index06,GACCTT,E7760,no,10.21.19,J.PLAGGENBERG,1,E7760,No,10.11.19,A.BOODRAM,1,NEBNextPoly(A)E7490,E7760,No,random,10.10.19,J.PLAGGENBERG,1,DirectZol,no,Y,straight,Y,"NA",ZEV_induction,NA,NA,GCN4,SCGal,30,EtoH,-1,1,sequence/run_4010_samplesBrent_C1_GTAC_1_SIC_Index06_TGAGGTT_GACCTTGT_S3_L001_R1_001.fastq.gz,sequence/run_4010_samplesBrent_C1_GTAC_1_SIC_Index06_TGAGGTT_GACCTTGT_S3_L001_R1_001_read_count.tsv
10.22.19,J.PLAGGENBERG,2,4010,NA,MiniSeq,MiniSeq,spikein,21.4,1,43104,Brent_C2_GTAC_2_SIC_Index06_GCTTAGA_GACCTTGT_S4_L001_R1_001.fastq.gz,10.21.19,J.PLAGGENBERG,2,2,GCTTAGA,SIC_Index06,GACCTT,E7760,no,10.21.19,J.PLAGGENBERG,2,E7760,No,10.11.19,A.BOODRAM,2,NEBNextPoly(A)E7490,E7760,No,random,10.10.19,J.PLAGGENBERG,2,DirectZol,no,Y,straight,Y,"NA",ZEV_induction_30min_delay,NA,NA,CBF1,SCGal,30,Estradiol,-1,4,sequence/run_4010_samplesBrent_C2_GTAC_2_SIC_Index06_GCTTAGA_GACCTTGT_S4_L001_R1_001.fastq.gz,sequence/run_4010_samplesBrent_C2_GTAC_2_SIC_Index06_GCTTAGA_GACCTTGT_S4_L001_R1_001_read_count.tsv
10.22.19,J.PLAGGENBERG,2,4010,NA,MiniSeq,MiniSeq,spikein,21.4,1,43104,Brent_C2_GTAC_2_SIC_Index06_GCTTAGA_GACCTTGT_S4_L001_R1_001.fastq.gz,10.21.19,J.PLAGGENBERG,2,2,GCTTAGA,SIC_Index06,GACCTT,E7760,no,10.21.19,J.PLAGGENBERG,2,E7760,No,10.11.19,A.BOODRAM,2,NEBNextPoly(A)E7490,E7760,No,random,10.10.19,J.PLAGGENBERG,2,DirectZol,no,Y,straight,Y,"NA",ZEV_induction,NA,NA,TYE7,SCGal,30,EtoH,-1,1,sequence/run_4010_samplesBrent_C2_GTAC_2_SIC_Index06_GCTTAGA_GACCTTGT_S4_L001_R1_001.fastq.gz,sequence/run_4010_samplesBrent_C2_GTAC_2_SIC_Index06_GCTTAGA_GACCTTGT_S4_L001_R1_001_read_count.tsv
10.22.19,J.PLAGGENBERG,3,4010,NA,MiniSeq,MiniSeq,spikein,32.8,1,19424,Brent_C3_GTAC_3_SIC_Index06_ATGACAG_GACCTTGT_S5_L001_R1_001.fastq.gz,10.21.19,J.PLAGGENBERG,3,3,ATGACAG,SIC_Index06,GACCTT,E7760,no,10.21.19,J.PLAGGENBERG,3,E7760,No,10.11.19,A.BOODRAM,3,NEBNextPoly(A)E7490,E7760,No,random,10.10.19,J.PLAGGENBERG,3,DirectZol,no,Y,straight,Y,"NA",ZEV_induction_30min_delay,NA,NA,CBF1,SCGal,30,EtoH,15,4,sequence/run_4010_samplesBrent_C3_GTAC_3_SIC_Index06_ATGACAG_GACCTTGT_S5_L001_R1_001.fastq.gz,sequence/run_4010_samplesBrent_C3_GTAC_3_SIC_Index06_ATGACAG_GACCTTGT_S5_L001_R1_001_read_count.tsv
10.22.19,J.PLAGGENBERG,3,4010,NA,MiniSeq,MiniSeq,spikein,32.8,1,19424,Brent_C3_GTAC_3_SIC_Index06_ATGACAG_GACCTTGT_S5_L001_R1_001.fastq.gz,10.21.19,J.PLAGGENBERG,3,3,ATGACAG,SIC_Index06,GACCTT,E7760,no,10.21.19,J.PLAGGENBERG,3,E7760,No,10.11.19,A.BOODRAM,3,NEBNextPoly(A)E7490,E7760,No,random,10.10.19,J.PLAGGENBERG,3,DirectZol,no,Y,straight,Y,"NA",ZEV_induction,NA,NA,GCN4,SCGal,30,Estradiol,-1,1,sequence/run_4010_samplesBrent_C3_GTAC_3_SIC_Index06_ATGACAG_GACCTTGT_S5_L001_R1_001.fastq.gz,sequence/run_4010_samplesBrent_C3_GTAC_3_SIC_Index06_ATGACAG_GACCTTGT_S5_L001_R1_001_read_count.tsv
10.22.19,J.PLAGGENBERG,4,4010,NA,MiniSeq,MiniSeq,spikein,105,1,46956,Brent_C4_GTAC_4_SIC_Index06_CACCTCC_GACCTTGT_S6_L001_R1_001.fastq.gz,10.21.19,J.PLAGGENBERG,4,4,CACCTCC,SIC_Index06,GACCTT,E7760,no,10.21.19,J.PLAGGENBERG,4,E7760,No,10.11.19,A.BOODRAM,4,NEBNextPoly(A)E7490,E7760,No,random,10.10.19,J.PLAGGENBERG,4,DirectZol,no,Y,straight,Y,"NA",ZEV_induction_30min_delay,NA,NA,CBF1,SCGal,30,Estradiol,15,4,sequence/run_4010_samplesBrent_C4_GTAC_4_SIC_Index06_CACCTCC_GACCTTGT_S6_L001_R1_001.fastq.gz,sequence/run_4010_samplesBrent_C4_GTAC_4_SIC_Index06_CACCTCC_GACCTTGT_S6_L001_R1_001_read_count.tsv
10.22.19,J.PLAGGENBERG,4,4010,NA,MiniSeq,MiniSeq,spikein,105,1,46956,Brent_C4_GTAC_4_SIC_Index06_CACCTCC_GACCTTGT_S6_L001_R1_001.fastq.gz,10.21.19,J.PLAGGENBERG,4,4,CACCTCC,SIC_Index06,GACCTT,E7760,no,10.21.19,J.PLAGGENBERG,4,E7760,No,10.11.19,A.BOODRAM,4,NEBNextPoly(A)E7490,E7760,No,random,10.10.19,J.PLAGGENBERG,4,DirectZol,no,Y,straight,Y,"NA",ZEV_induction,NA,NA,TYE7,SCGal,30,Estradiol,-1,1,sequence/run_4010_samplesBrent_C4_GTAC_4_SIC_Index06_CACCTCC_GACCTTGT_S6_L001_R1_001.fastq.gz,sequence/run_4010_samplesBrent_C4_GTAC_4_SIC_Index06_CACCTCC_GACCTTGT_S6_L001_R1_001_read_count.tsv
10.22.19,J.PLAGGENBERG,5,4010,NA,MiniSeq,MiniSeq,spikein,140,1,18311,Brent_C5_GTAC_5_SIC_Index06_ATCGAGC_GACCTTGT_S7_L001_R1_001.fastq.gz,10.21.19,J.PLAGGENBERG,5,5,ATCGAGC,SIC_Index06,GACCTT,E7760,no,10.21.19,J.PLAGGENBERG,5,E7760,No,10.11.19,A.BOODRAM,5,NEBNextPoly(A)E7490,E7760,No,random,10.10.19,J.PLAGGENBERG,5,DirectZol,no,Y,straight,Y,"NA",ZEV_induction_30min_delay,NA,NA,CBF1,SCGal,30,EtoH,90,4,sequence/run_4010_samplesBrent_C5_GTAC_5_SIC_Index06_ATCGAGC_GACCTTGT_S7_L001_R1_001.fastq.gz,sequence/run_4010_samplesBrent_C5_GTAC_5_SIC_Index06_ATCGAGC_GACCTTGT_S7_L001_R1_001_read_count.tsv
10.22.19,J.PLAGGENBERG,5,4010,NA,MiniSeq,MiniSeq,spikein,140,1,18311,Brent_C5_GTAC_5_SIC_Index06_ATCGAGC_GACCTTGT_S7_L001_R1_001.fastq.gz,10.21.19,J.PLAGGENBERG,5,5,ATCGAGC,SIC_Index06,GACCTT,E7760,no,10.21.19,J.PLAGGENBERG,5,E7760,No,10.11.19,A.BOODRAM,5,NEBNextPoly(A)E7490,E7760,No,random,10.10.19,J.PLAGGENBERG,5,DirectZol,no,Y,straight,Y,"NA",ZEV_induction,NA,NA,GCN4,SCGal,30,EtoH,10,1,sequence/run_4010_samplesBrent_C5_GTAC_5_SIC_Index06_ATCGAGC_GACCTTGT_S7_L001_R1_001.fastq.gz,sequence/run_4010_samplesBrent_C5_GTAC_5_SIC_Index06_ATCGAGC_GACCTTGT_S7_L001_R1_001_read_count.tsv
10.22.19,J.PLAGGENBERG,6,4010,NA,MiniSeq,MiniSeq,spikein,33.7,1,39533,Brent_C6_GTAC_6_SIC_Index06_TACTCTA_GACCTTGT_S8_L001_R1_001.fastq.gz,10.21.19,J.PLAGGENBERG,6,6,TACTCTA,SIC_Index06,GACCTT,E7760,no,10.21.19,J.PLAGGENBERG,6,E7760,No,10.11.19,A.BOODRAM,6,NEBNextPoly(A)E7490,E7760,No,random,10.10.19,J.PLAGGENBERG,6,DirectZol,no,Y,straight,Y,"NA",ZEV_induction_30min_delay,NA,NA,CBF1,SCGal,30,Estradiol,90,4,sequence/run_4010_samplesBrent_C6_GTAC_6_SIC_Index06_TACTCTA_GACCTTGT_S8_L001_R1_001.fastq.gz,sequence/run_4010_samplesBrent_C6_GTAC_6_SIC_Index06_TACTCTA_GACCTTGT_S8_L001_R1_001_read_count.tsv
10.22.19,J.PLAGGENBERG,6,4010,NA,MiniSeq,MiniSeq,spikein,33.7,1,39533,Brent_C6_GTAC_6_SIC_Index06_TACTCTA_GACCTTGT_S8_L001_R1_001.fastq.gz,10.21.19,J.PLAGGENBERG,6,6,TACTCTA,SIC_Index06,GACCTT,E7760,no,10.21.19,J.PLAGGENBERG,6,E7760,No,10.11.19,A.BOODRAM,6,NEBNextPoly(A)E7490,E7760,No,random,10.10.19,J.PLAGGENBERG,6,DirectZol,no,Y,straight,Y,"NA",ZEV_induction,NA,NA,TYE7,SCGal,30,EtoH,10,1,sequence/run_4010_samplesBrent_C6_GTAC_6_SIC_Index06_TACTCTA_GACCTTGT_S8_L001_R1_001.fastq.gz,sequence/run_4010_samplesBrent_C6_GTAC_6_SIC_Index06_TACTCTA_GACCTTGT_S8_L001_R1_001_read_count.tsv
10.22.19,J.PLAGGENBERG,7,4010,NA,MiniSeq,MiniSeq,spikein,14.7,1,36201,Brent_C7_GTAC_7_SIC_Index06_AGACTGA_GACCTTGT_S9_L001_R1_001.fastq.gz,10.21.19,J.PLAGGENBERG,7,7,AGACTGA,SIC_Index06,GACCTT,E7760,no,10.21.19,J.PLAGGENBERG,7,E7760,No,10.11.19,A.BOODRAM,7,NEBNextPoly(A)E7490,E7760,No,random,10.10.19,J.PLAGGENBERG,7,DirectZol,no,Y,straight,Y,"NA",ZEV_induction_30min_delay,NA,NA,CBF1,SCGal,30,EtoH,-1,5,sequence/run_4010_samplesBrent_C7_GTAC_7_SIC_Index06_AGACTGA_GACCTTGT_S9_L001_R1_001.fastq.gz,sequence/run_4010_samplesBrent_C7_GTAC_7_SIC_Index06_AGACTGA_GACCTTGT_S9_L001_R1_001_read_count.tsv
10.22.19,J.PLAGGENBERG,7,4010,NA,MiniSeq,MiniSeq,spikein,14.7,1,36201,Brent_C7_GTAC_7_SIC_Index06_AGACTGA_GACCTTGT_S9_L001_R1_001.fastq.gz,10.21.19,J.PLAGGENBERG,7,7,AGACTGA,SIC_Index06,GACCTT,E7760,no,10.21.19,J.PLAGGENBERG,7,E7760,No,10.11.19,A.BOODRAM,7,NEBNextPoly(A)E7490,E7760,No,random,10.10.19,J.PLAGGENBERG,7,DirectZol,no,Y,straight,Y,"NA",ZEV_induction,NA,NA,GCN4,SCGal,30,Estradiol,10,1,sequence/run_4010_samplesBrent_C7_GTAC_7_SIC_Index06_AGACTGA_GACCTTGT_S9_L001_R1_001.fastq.gz,sequence/run_4010_samplesBrent_C7_GTAC_7_SIC_Index06_AGACTGA_GACCTTGT_S9_L001_R1_001_read_count.tsv
10.22.19,J.PLAGGENBERG,8,4010,NA,MiniSeq,MiniSeq,spikein,112,1,35628,Brent_C8_GTAC_8_SIC_Index06_CTTGGAA_GACCTTGT_S10_L001_R1_001.fastq.gz,10.21.19,J.PLAGGENBERG,8,8,CTTGGAA,SIC_Index06,GACCTT,E7760,no,10.21.19,J.PLAGGENBERG,8,E7760,No,10.11.19,A.BOODRAM,8,NEBNextPoly(A)E7490,E7760,No,random,10.10.19,J.PLAGGENBERG,8,DirectZol,no,Y,straight,Y,"NA",ZEV_induction_30min_delay,NA,NA,CBF1,SCGal,30,Estradiol,-1,5,sequence/run_4010_samplesBrent_C8_GTAC_8_SIC_Index06_CTTGGAA_GACCTTGT_S10_L001_R1_001.fastq.gz,sequence/run_4010_samplesBrent_C8_GTAC_8_SIC_Index06_CTTGGAA_GACCTTGT_S10_L001_R1_001_read_count.tsv
10.22.19,J.PLAGGENBERG,8,4010,NA,MiniSeq,MiniSeq,spikein,112,1,35628,Brent_C8_GTAC_8_SIC_Index06_CTTGGAA_GACCTTGT_S10_L001_R1_001.fastq.gz,10.21.19,J.PLAGGENBERG,8,8,CTTGGAA,SIC_Index06,GACCTT,E7760,no,10.21.19,J.PLAGGENBERG,8,E7760,No,10.11.19,A.BOODRAM,8,NEBNextPoly(A)E7490,E7760,No,random,10.10.19,J.PLAGGENBERG,8,DirectZol,no,Y,straight,Y,"NA",ZEV_induction,NA,NA,TYE7,SCGal,30,Estradiol,10,1,sequence/run_4010_samplesBrent_C8_GTAC_8_SIC_Index06_CTTGGAA_GACCTTGT_S10_L001_R1_001.fastq.gz,sequence/run_4010_samplesBrent_C8_GTAC_8_SIC_Index06_CTTGGAA_GACCTTGT_S10_L001_R1_001_read_count.tsv
10.22.19,J.PLAGGENBERG,9,4010,NA,MiniSeq,MiniSeq,spikein,21.1,1,41954,Brent_C9_GTAC_9_SIC_Index06_CCGATTA_GACCTTGT_S11_L001_R1_001.fastq.gz,10.21.19,J.PLAGGENBERG,9,9,CCGATTA,SIC_Index06,GACCTT,E7760,no,10.21.19,J.PLAGGENBERG,9,E7760,No,10.11.19,A.BOODRAM,9,NEBNextPoly(A)E7490,E7760,No,random,10.10.19,J.PLAGGENBERG,9,DirectZol,no,Y,straight,Y,"NA",ZEV_induction_30min_delay,NA,NA,CBF1,SCGal,30,EtoH,15,5,sequence/run_4010_samplesBrent_C9_GTAC_9_SIC_Index06_CCGATTA_GACCTTGT_S11_L001_R1_001.fastq.gz,sequence/run_4010_samplesBrent_C9_GTAC_9_SIC_Index06_CCGATTA_GACCTTGT_S11_L001_R1_001_read_count.tsv
10.22.19,J.PLAGGENBERG,9,4010,NA,MiniSeq,MiniSeq,spikein,21.1,1,41954,Brent_C9_GTAC_9_SIC_Index06_CCGATTA_GACCTTGT_S11_L001_R1_001.fastq.gz,10.21.19,J.PLAGGENBERG,9,9,CCGATTA,SIC_Index06,GACCTT,E7760,no,10.21.19,J.PLAGGENBERG,9,E7760,No,10.11.19,A.BOODRAM,9,NEBNextPoly(A)E7490,E7760,No,random,10.10.19,J.PLAGGENBERG,9,DirectZol,no,Y,straight,Y,"NA",ZEV_induction,NA,NA,GCN4,SCGal,30,EtoH,15,1,sequence/run_4010_samplesBrent_C9_GTAC_9_SIC_Index06_CCGATTA_GACCTTGT_S11_L001_R1_001.fastq.gz,sequence/run_4010_samplesBrent_C9_GTAC_9_SIC_Index06_CCGATTA_GACCTTGT_S11_L001_R1_001_read_count.tsv
10.22.19,J.PLAGGENBERG,10,4010,NA,MiniSeq,MiniSeq,spikein,97.4,1,21476,Brent_C10_GTAC_10_SIC_Index06_GGCAGCG_GACCTTGT_S12_L001_R1_001.fastq.gz,10.21.19,J.PLAGGENBERG,10,10,GGCAGCG,SIC_Index06,GACCTT,E7760,no,10.21.19,J.PLAGGENBERG,10,E7760,No,10.11.19,A.BOODRAM,10,NEBNextPoly(A)E7490,E7760,No,random,10.10.19,J.PLAGGENBERG,10,DirectZol,no,Y,straight,Y,"NA",ZEV_induction_30min_delay,NA,NA,CBF1,SCGal,30,Estradiol,15,5,sequence/run_4010_samplesBrent_C10_GTAC_10_SIC_Index06_GGCAGCG_GACCTTGT_S12_L001_R1_001.fastq.gz,sequence/run_4010_samplesBrent_C10_GTAC_10_SIC_Index06_GGCAGCG_GACCTTGT_S12_L001_R1_001_read_count.tsv
10.22.19,J.PLAGGENBERG,10,4010,NA,MiniSeq,MiniSeq,spikein,97.4,1,21476,Brent_C10_GTAC_10_SIC_Index06_GGCAGCG_GACCTTGT_S12_L001_R1_001.fastq.gz,10.21.19,J.PLAGGENBERG,10,10,GGCAGCG,SIC_Index06,GACCTT,E7760,no,10.21.19,J.PLAGGENBERG,10,E7760,No,10.11.19,A.BOODRAM,10,NEBNextPoly(A)E7490,E7760,No,random,10.10.19,J.PLAGGENBERG,10,DirectZol,no,Y,straight,Y,"NA",ZEV_induction,NA,NA,TYE7,SCGal,30,EtoH,15,1,sequence/run_4010_samplesBrent_C10_GTAC_10_SIC_Index06_GGCAGCG_GACCTTGT_S12_L001_R1_001.fastq.gz,sequence/run_4010_samplesBrent_C10_GTAC_10_SIC_Index06_GGCAGCG_GACCTTGT_S12_L001_R1_001_read_count.tsv
10.22.19,J.PLAGGENBERG,11,4010,NA,MiniSeq,MiniSeq,spikein,6.38,1.57,47669,Brent_C11_GTAC_11_SIC_Index06_CCATCAT_GACCTTGT_S13_L001_R1_001.fastq.gz,10.21.19,J.PLAGGENBERG,11,11,CCATCAT,SIC_Index06,GACCTT,E7760,no,10.21.19,J.PLAGGENBERG,11,E7760,No,10.11.19,A.BOODRAM,11,NEBNextPoly(A)E7490,E7760,No,random,10.10.19,J.PLAGGENBERG,11,DirectZol,no,Y,straight,Y,"NA",ZEV_induction_30min_delay,NA,NA,CBF1,SCGal,30,EtoH,90,5,sequence/run_4010_samplesBrent_C11_GTAC_11_SIC_Index06_CCATCAT_GACCTTGT_S13_L001_R1_001.fastq.gz,sequence/run_4010_samplesBrent_C11_GTAC_11_SIC_Index06_CCATCAT_GACCTTGT_S13_L001_R1_001_read_count.tsv
10.22.19,J.PLAGGENBERG,11,4010,NA,MiniSeq,MiniSeq,spikein,6.38,1.57,47669,Brent_C11_GTAC_11_SIC_Index06_CCATCAT_GACCTTGT_S13_L001_R1_001.fastq.gz,10.21.19,J.PLAGGENBERG,11,11,CCATCAT,SIC_Index06,GACCTT,E7760,no,10.21.19,J.PLAGGENBERG,11,E7760,No,10.11.19,A.BOODRAM,11,NEBNextPoly(A)E7490,E7760,No,random,10.10.19,J.PLAGGENBERG,11,DirectZol,no,Y,straight,Y,"NA",ZEV_induction,NA,NA,GCN4,SCGal,30,Estradiol,15,1,sequence/run_4010_samplesBrent_C11_GTAC_11_SIC_Index06_CCATCAT_GACCTTGT_S13_L001_R1_001.fastq.gz,sequence/run_4010_samplesBrent_C11_GTAC_11_SIC_Index06_CCATCAT_GACCTTGT_S13_L001_R1_001_read_count.tsv
10.22.19,J.PLAGGENBERG,12,4010,NA,MiniSeq,MiniSeq,spikein,18,1,531,Brent_C12_GTAC_12_SIC_Index06_TAACAAG_GACCTTGT_S14_L001_R1_001.fastq.gz,10.21.19,J.PLAGGENBERG,12,12,TAACAAG,SIC_Index06,GACCTT,E7760,no,10.21.19,J.PLAGGENBERG,12,E7760,No,10.11.19,A.BOODRAM,12,NEBNextPoly(A)E7490,E7760,No,random,10.10.19,J.PLAGGENBERG,12,DirectZol,no,Y,straight,Y,"NA",ZEV_induction_30min_delay,NA,NA,CBF1,SCGal,30,Estradiol,90,5,sequence/run_4010_samplesBrent_C12_GTAC_12_SIC_Index06_TAACAAG_GACCTTGT_S14_L001_R1_001.fastq.gz,sequence/run_4010_samplesBrent_C12_GTAC_12_SIC_Index06_TAACAAG_GACCTTGT_S14_L001_R1_001_read_count.tsv
10.22.19,J.PLAGGENBERG,12,4010,NA,MiniSeq,MiniSeq,spikein,18,1,531,Brent_C12_GTAC_12_SIC_Index06_TAACAAG_GACCTTGT_S14_L001_R1_001.fastq.gz,10.21.19,J.PLAGGENBERG,12,12,TAACAAG,SIC_Index06,GACCTT,E7760,no,10.21.19,J.PLAGGENBERG,12,E7760,No,10.11.19,A.BOODRAM,12,NEBNextPoly(A)E7490,E7760,No,random,10.10.19,J.PLAGGENBERG,12,DirectZol,no,Y,straight,Y,"NA",ZEV_induction,NA,NA,TYE7,SCGal,30,Estradiol,15,1,sequence/run_4010_samplesBrent_C12_GTAC_12_SIC_Index06_TAACAAG_GACCTTGT_S14_L001_R1_001.fastq.gz,sequence/run_4010_samplesBrent_C12_GTAC_12_SIC_Index06_TAACAAG_GACCTTGT_S14_L001_R1_001_read_count.tsv
11.01.19,J.PLAGGENBERG,1,4027,NA,NextSeq,MidOutput,fullRNASeq,31.9,0.452,3877229,Brent_1_GTAC_13_SIC_Index06_GAGGCGT_GACCTTGT_S14_R1_001.fastq.gz,10.25.19,J.PLAGGENBERG,1,13,GAGGCGT,SIC_Index06,GACCTT,E7760,no,10.25.19,J.PLAGGENBERG,1,E7760,No,10.21.19,J.PLAGGENBERG,1,NEBNextPoly(A)E7490,E7760,No,random,10.10.19,J.PLAGGENBERG,1,DirectZol,no,Y,straight,Y,"NA",ZEV_induction_30min_delay,NA,NA,CBF1,SCGal,30,EtoH,-1,4,sequence/run_4027_samplesBrent_1_GTAC_13_SIC_Index06_GAGGCGT_GACCTTGT_S14_R1_001.fastq.gz,sequence/run_4027_samplesBrent_1_GTAC_13_SIC_Index06_GAGGCGT_GACCTTGT_S14_R1_001_read_count.tsv
11.01.19,J.PLAGGENBERG,1,4027,NA,NextSeq,MidOutput,fullRNASeq,31.9,0.452,3877229,Brent_1_GTAC_13_SIC_Index06_GAGGCGT_GACCTTGT_S14_R1_001.fastq.gz,10.25.19,J.PLAGGENBERG,1,13,GAGGCGT,SIC_Index06,GACCTT,E7760,no,10.25.19,J.PLAGGENBERG,1,E7760,No,10.21.19,J.PLAGGENBERG,1,NEBNextPoly(A)E7490,E7760,No,random,10.10.19,J.PLAGGENBERG,1,DirectZol,no,Y,straight,Y,"NA",ZEV_induction,NA,NA,GCN4,SCGal,30,EtoH,-1,1,sequence/run_4027_samplesBrent_1_GTAC_13_SIC_Index06_GAGGCGT_GACCTTGT_S14_R1_001.fastq.gz,sequence/run_4027_samplesBrent_1_GTAC_13_SIC_Index06_GAGGCGT_GACCTTGT_S14_R1_001_read_count.tsv
11.01.19,J.PLAGGENBERG,2,4027,NA,NextSeq,MidOutput,fullRNASeq,146,0.863,2778148,Brent_2_GTAC_14_SIC_Index06_TTTAACT_GACCTTGT_S15_R1_001.fastq.gz,10.25.19,J.PLAGGENBERG,2,14,TTTAACT,SIC_Index06,GACCTT,E7760,no,10.25.19,J.PLAGGENBERG,2,E7760,No,10.21.19,J.PLAGGENBERG,2,NEBNextPoly(A)E7490,E7760,No,random,10.10.19,J.PLAGGENBERG,2,DirectZol,no,Y,straight,Y,"NA",ZEV_induction_30min_delay,NA,NA,CBF1,SCGal,30,Estradiol,-1,4,sequence/run_4027_samplesBrent_2_GTAC_14_SIC_Index06_TTTAACT_GACCTTGT_S15_R1_001.fastq.gz,sequence/run_4027_samplesBrent_2_GTAC_14_SIC_Index06_TTTAACT_GACCTTGT_S15_R1_001_read_count.tsv
11.01.19,J.PLAGGENBERG,2,4027,NA,NextSeq,MidOutput,fullRNASeq,146,0.863,2778148,Brent_2_GTAC_14_SIC_Index06_TTTAACT_GACCTTGT_S15_R1_001.fastq.gz,10.25.19,J.PLAGGENBERG,2,14,TTTAACT,SIC_Index06,GACCTT,E7760,no,10.25.19,J.PLAGGENBERG,2,E7760,No,10.21.19,J.PLAGGENBERG,2,NEBNextPoly(A)E7490,E7760,No,random,10.10.19,J.PLAGGENBERG,2,DirectZol,no,Y,straight,Y,"NA",ZEV_induction,NA,NA,TYE7,SCGal,30,EtoH,-1,1,sequence/run_4027_samplesBrent_2_GTAC_14_SIC_Index06_TTTAACT_GACCTTGT_S15_R1_001.fastq.gz,sequence/run_4027_samplesBrent_2_GTAC_14_SIC_Index06_TTTAACT_GACCTTGT_S15_R1_001_read_count.tsv
11.01.19,J.PLAGGENBERG,3,4027,NA,NextSeq,MidOutput,fullRNASeq,104,0.975,3710467,Brent_3_GTAC_15_SIC_Index06_GGTCCTC_GACCTTGT_S16_R1_001.fastq.gz,10.25.19,J.PLAGGENBERG,3,15,GGTCCTC,SIC_Index06,GACCTT,E7760,no,10.25.19,J.PLAGGENBERG,3,E7760,No,10.21.19,J.PLAGGENBERG,3,NEBNextPoly(A)E7490,E7760,No,random,10.10.19,J.PLAGGENBERG,3,DirectZol,no,Y,straight,Y,"NA",ZEV_induction_30min_delay,NA,NA,CBF1,SCGal,30,EtoH,15,4,sequence/run_4027_samplesBrent_3_GTAC_15_SIC_Index06_GGTCCTC_GACCTTGT_S16_R1_001.fastq.gz,sequence/run_4027_samplesBrent_3_GTAC_15_SIC_Index06_GGTCCTC_GACCTTGT_S16_R1_001_read_count.tsv
11.01.19,J.PLAGGENBERG,3,4027,NA,NextSeq,MidOutput,fullRNASeq,104,0.975,3710467,Brent_3_GTAC_15_SIC_Index06_GGTCCTC_GACCTTGT_S16_R1_001.fastq.gz,10.25.19,J.PLAGGENBERG,3,15,GGTCCTC,SIC_Index06,GACCTT,E7760,no,10.25.19,J.PLAGGENBERG,3,E7760,No,10.21.19,J.PLAGGENBERG,3,NEBNextPoly(A)E7490,E7760,No,random,10.10.19,J.PLAGGENBERG,3,DirectZol,no,Y,straight,Y,"NA",ZEV_induction,NA,NA,GCN4,SCGal,30,Estradiol,-1,1,sequence/run_4027_samplesBrent_3_GTAC_15_SIC_Index06_GGTCCTC_GACCTTGT_S16_R1_001.fastq.gz,sequence/run_4027_samplesBrent_3_GTAC_15_SIC_Index06_GGTCCTC_GACCTTGT_S16_R1_001_read_count.tsv
11.01.19,J.PLAGGENBERG,4,4027,NA,NextSeq,MidOutput,fullRNASeq,55.5,0.907,3421405,Brent_4_GTAC_16_SIC_Index06_CGGTGGC_GACCTTGT_S17_R1_001.fastq.gz,10.25.19,J.PLAGGENBERG,4,16,CGGTGGC,SIC_Index06,GACCTT,E7760,no,10.25.19,J.PLAGGENBERG,4,E7760,No,10.21.19,J.PLAGGENBERG,4,NEBNextPoly(A)E7490,E7760,No,random,10.10.19,J.PLAGGENBERG,4,DirectZol,no,Y,straight,Y,"NA",ZEV_induction_30min_delay,NA,NA,CBF1,SCGal,30,Estradiol,15,4,sequence/run_4027_samplesBrent_4_GTAC_16_SIC_Index06_CGGTGGC_GACCTTGT_S17_R1_001.fastq.gz,sequence/run_4027_samplesBrent_4_GTAC_16_SIC_Index06_CGGTGGC_GACCTTGT_S17_R1_001_read_count.tsv
11.01.19,J.PLAGGENBERG,4,4027,NA,NextSeq,MidOutput,fullRNASeq,55.5,0.907,3421405,Brent_4_GTAC_16_SIC_Index06_CGGTGGC_GACCTTGT_S17_R1_001.fastq.gz,10.25.19,J.PLAGGENBERG,4,16,CGGTGGC,SIC_Index06,GACCTT,E7760,no,10.25.19,J.PLAGGENBERG,4,E7760,No,10.21.19,J.PLAGGENBERG,4,NEBNextPoly(A)E7490,E7760,No,random,10.10.19,J.PLAGGENBERG,4,DirectZol,no,Y,straight,Y,"NA",ZEV_induction,NA,NA,TYE7,SCGal,30,Estradiol,-1,1,sequence/run_4027_samplesBrent_4_GTAC_16_SIC_Index06_CGGTGGC_GACCTTGT_S17_R1_001.fastq.gz,sequence/run_4027_samplesBrent_4_GTAC_16_SIC_Index06_CGGTGGC_GACCTTGT_S17_R1_001_read_count.tsv
11.01.19,J.PLAGGENBERG,5,4027,NA,NextSeq,MidOutput,fullRNASeq,96.6,0.994,3465015,Brent_5_GTAC_17_SIC_Index06_ACTGTCG_GACCTTGT_S18_R1_001.fastq.gz,10.25.19,J.PLAGGENBERG,5,17,ACTGTCG,SIC_Index06,GACCTT,E7760,no,10.25.19,J.PLAGGENBERG,5,E7760,No,10.21.19,J.PLAGGENBERG,5,NEBNextPoly(A)E7490,E7760,No,random,10.10.19,J.PLAGGENBERG,5,DirectZol,no,Y,straight,Y,"NA",ZEV_induction_30min_delay,NA,NA,CBF1,SCGal,30,EtoH,90,4,sequence/run_4027_samplesBrent_5_GTAC_17_SIC_Index06_ACTGTCG_GACCTTGT_S18_R1_001.fastq.gz,sequence/run_4027_samplesBrent_5_GTAC_17_SIC_Index06_ACTGTCG_GACCTTGT_S18_R1_001_read_count.tsv
11.01.19,J.PLAGGENBERG,5,4027,NA,NextSeq,MidOutput,fullRNASeq,96.6,0.994,3465015,Brent_5_GTAC_17_SIC_Index06_ACTGTCG_GACCTTGT_S18_R1_001.fastq.gz,10.25.19,J.PLAGGENBERG,5,17,ACTGTCG,SIC_Index06,GACCTT,E7760,no,10.25.19,J.PLAGGENBERG,5,E7760,No,10.21.19,J.PLAGGENBERG,5,NEBNextPoly(A)E7490,E7760,No,random,10.10.19,J.PLAGGENBERG,5,DirectZol,no,Y,straight,Y,"NA",ZEV_induction,NA,NA,GCN4,SCGal,30,EtoH,10,1,sequence/run_4027_samplesBrent_5_GTAC_17_SIC_Index06_ACTGTCG_GACCTTGT_S18_R1_001.fastq.gz,sequence/run_4027_samplesBrent_5_GTAC_17_SIC_Index06_ACTGTCG_GACCTTGT_S18_R1_001_read_count.tsv
11.01.19,J.PLAGGENBERG,6,4027,NA,NextSeq,MidOutput,fullRNASeq,116,0.958,3703012,Brent_6_GTAC_18_SIC_Index06_GTATTTG_GACCTTGT_S19_R1_001.fastq.gz,10.25.19,J.PLAGGENBERG,6,18,GTATTTG,SIC_Index06,GACCTT,E7760,no,10.25.19,J.PLAGGENBERG,6,E7760,No,10.21.19,J.PLAGGENBERG,6,NEBNextPoly(A)E7490,E7760,No,random,10.10.19,J.PLAGGENBERG,6,DirectZol,no,Y,straight,Y,"NA",ZEV_induction_30min_delay,NA,NA,CBF1,SCGal,30,Estradiol,90,4,sequence/run_4027_samplesBrent_6_GTAC_18_SIC_Index06_GTATTTG_GACCTTGT_S19_R1_001.fastq.gz,sequence/run_4027_samplesBrent_6_GTAC_18_SIC_Index06_GTATTTG_GACCTTGT_S19_R1_001_read_count.tsv
11.01.19,J.PLAGGENBERG,6,4027,NA,NextSeq,MidOutput,fullRNASeq,116,0.958,3703012,Brent_6_GTAC_18_SIC_Index06_GTATTTG_GACCTTGT_S19_R1_001.fastq.gz,10.25.19,J.PLAGGENBERG,6,18,GTATTTG,SIC_Index06,GACCTT,E7760,no,10.25.19,J.PLAGGENBERG,6,E7760,No,10.21.19,J.PLAGGENBERG,6,NEBNextPoly(A)E7490,E7760,No,random,10.10.19,J.PLAGGENBERG,6,DirectZol,no,Y,straight,Y,"NA",ZEV_induction,NA,NA,TYE7,SCGal,30,EtoH,10,1,sequence/run_4027_samplesBrent_6_GTAC_18_SIC_Index06_GTATTTG_GACCTTGT_S19_R1_001.fastq.gz,sequence/run_4027_samplesBrent_6_GTAC_18_SIC_Index06_GTATTTG_GACCTTGT_S19_R1_001_read_count.tsv
11.01.19,J.PLAGGENBERG,7,4027,NA,NextSeq,MidOutput,fullRNASeq,84.2,0.788,3060264,Brent_7_GTAC_19_SIC_Index06_GAGTACG_GACCTTGT_S20_R1_001.fastq.gz,10.25.19,J.PLAGGENBERG,7,19,GAGTACG,SIC_Index06,GACCTT,E7760,no,10.25.19,J.PLAGGENBERG,7,E7760,No,10.21.19,J.PLAGGENBERG,7,NEBNextPoly(A)E7490,E7760,No,random,10.10.19,J.PLAGGENBERG,7,DirectZol,no,Y,straight,Y,"NA",ZEV_induction_30min_delay,NA,NA,CBF1,SCGal,30,EtoH,-1,5,sequence/run_4027_samplesBrent_7_GTAC_19_SIC_Index06_GAGTACG_GACCTTGT_S20_R1_001.fastq.gz,sequence/run_4027_samplesBrent_7_GTAC_19_SIC_Index06_GAGTACG_GACCTTGT_S20_R1_001_read_count.tsv
11.01.19,J.PLAGGENBERG,7,4027,NA,NextSeq,MidOutput,fullRNASeq,84.2,0.788,3060264,Brent_7_GTAC_19_SIC_Index06_GAGTACG_GACCTTGT_S20_R1_001.fastq.gz,10.25.19,J.PLAGGENBERG,7,19,GAGTACG,SIC_Index06,GACCTT,E7760,no,10.25.19,J.PLAGGENBERG,7,E7760,No,10.21.19,J.PLAGGENBERG,7,NEBNextPoly(A)E7490,E7760,No,random,10.10.19,J.PLAGGENBERG,7,DirectZol,no,Y,straight,Y,"NA",ZEV_induction,NA,NA,GCN4,SCGal,30,Estradiol,10,1,sequence/run_4027_samplesBrent_7_GTAC_19_SIC_Index06_GAGTACG_GACCTTGT_S20_R1_001.fastq.gz,sequence/run_4027_samplesBrent_7_GTAC_19_SIC_Index06_GAGTACG_GACCTTGT_S20_R1_001_read_count.tsv
11.01.19,J.PLAGGENBERG,9,4027,NA,NextSeq,MidOutput,fullRNASeq,101,0.931,3412935,Brent_9_GTAC_21_SIC_Index06_CTCAATG_GACCTTGT_S22_R1_001.fastq.gz,10.25.19,J.PLAGGENBERG,9,21,CTCAATG,SIC_Index06,GACCTT,E7760,no,10.25.19,J.PLAGGENBERG,9,E7760,No,10.21.19,J.PLAGGENBERG,9,NEBNextPoly(A)E7490,E7760,No,random,10.10.19,J.PLAGGENBERG,9,DirectZol,no,Y,straight,Y,"NA",ZEV_induction_30min_delay,NA,NA,CBF1,SCGal,30,EtoH,15,5,sequence/run_4027_samplesBrent_9_GTAC_21_SIC_Index06_CTCAATG_GACCTTGT_S22_R1_001.fastq.gz,sequence/run_4027_samplesBrent_9_GTAC_21_SIC_Index06_CTCAATG_GACCTTGT_S22_R1_001_read_count.tsv
11.01.19,J.PLAGGENBERG,9,4027,NA,NextSeq,MidOutput,fullRNASeq,101,0.931,3412935,Brent_9_GTAC_21_SIC_Index06_CTCAATG_GACCTTGT_S22_R1_001.fastq.gz,10.25.19,J.PLAGGENBERG,9,21,CTCAATG,SIC_Index06,GACCTT,E7760,no,10.25.19,J.PLAGGENBERG,9,E7760,No,10.21.19,J.PLAGGENBERG,9,NEBNextPoly(A)E7490,E7760,No,random,10.10.19,J.PLAGGENBERG,9,DirectZol,no,Y,straight,Y,"NA",ZEV_induction,NA,NA,GCN4,SCGal,30,EtoH,15,1,sequence/run_4027_samplesBrent_9_GTAC_21_SIC_Index06_CTCAATG_GACCTTGT_S22_R1_001.fastq.gz,sequence/run_4027_samplesBrent_9_GTAC_21_SIC_Index06_CTCAATG_GACCTTGT_S22_R1_001_read_count.tsv
11.01.19,J.PLAGGENBERG,10,4027,NA,NextSeq,MidOutput,fullRNASeq,81.2,0.862,3244342,Brent_10_GTAC_22_SIC_Index06_AAATGCA_GACCTTGT_S23_R1_001.fastq.gz,10.25.19,J.PLAGGENBERG,10,22,AAATGCA,SIC_Index06,GACCTT,E7760,no,10.25.19,J.PLAGGENBERG,10,E7760,No,10.21.19,J.PLAGGENBERG,10,NEBNextPoly(A)E7490,E7760,No,random,10.10.19,J.PLAGGENBERG,10,DirectZol,no,Y,straight,Y,"NA",ZEV_induction_30min_delay,NA,NA,CBF1,SCGal,30,Estradiol,15,5,sequence/run_4027_samplesBrent_10_GTAC_22_SIC_Index06_AAATGCA_GACCTTGT_S23_R1_001.fastq.gz,sequence/run_4027_samplesBrent_10_GTAC_22_SIC_Index06_AAATGCA_GACCTTGT_S23_R1_001_read_count.tsv
11.01.19,J.PLAGGENBERG,10,4027,NA,NextSeq,MidOutput,fullRNASeq,81.2,0.862,3244342,Brent_10_GTAC_22_SIC_Index06_AAATGCA_GACCTTGT_S23_R1_001.fastq.gz,10.25.19,J.PLAGGENBERG,10,22,AAATGCA,SIC_Index06,GACCTT,E7760,no,10.25.19,J.PLAGGENBERG,10,E7760,No,10.21.19,J.PLAGGENBERG,10,NEBNextPoly(A)E7490,E7760,No,random,10.10.19,J.PLAGGENBERG,10,DirectZol,no,Y,straight,Y,"NA",ZEV_induction,NA,NA,TYE7,SCGal,30,EtoH,15,1,sequence/run_4027_samplesBrent_10_GTAC_22_SIC_Index06_AAATGCA_GACCTTGT_S23_R1_001.fastq.gz,sequence/run_4027_samplesBrent_10_GTAC_22_SIC_Index06_AAATGCA_GACCTTGT_S23_R1_001_read_count.tsv
11.01.19,J.PLAGGENBERG,11,4027,NA,NextSeq,MidOutput,fullRNASeq,202,1.645,4805951,Brent_11_GTAC_23_SIC_Index06_ACGCGGG_GACCTTGT_S24_R1_001.fastq.gz,10.25.19,J.PLAGGENBERG,11,23,ACGCGGG,SIC_Index06,GACCTT,E7760,no,10.25.19,J.PLAGGENBERG,11,E7760,No,10.21.19,J.PLAGGENBERG,11,NEBNextPoly(A)E7490,E7760,No,random,10.10.19,J.PLAGGENBERG,11,DirectZol,no,Y,straight,Y,"NA",ZEV_induction_30min_delay,NA,NA,CBF1,SCGal,30,EtoH,90,5,sequence/run_4027_samplesBrent_11_GTAC_23_SIC_Index06_ACGCGGG_GACCTTGT_S24_R1_001.fastq.gz,sequence/run_4027_samplesBrent_11_GTAC_23_SIC_Index06_ACGCGGG_GACCTTGT_S24_R1_001_read_count.tsv
11.01.19,J.PLAGGENBERG,11,4027,NA,NextSeq,MidOutput,fullRNASeq,202,1.645,4805951,Brent_11_GTAC_23_SIC_Index06_ACGCGGG_GACCTTGT_S24_R1_001.fastq.gz,10.25.19,J.PLAGGENBERG,11,23,ACGCGGG,SIC_Index06,GACCTT,E7760,no,10.25.19,J.PLAGGENBERG,11,E7760,No,10.21.19,J.PLAGGENBERG,11,NEBNextPoly(A)E7490,E7760,No,random,10.10.19,J.PLAGGENBERG,11,DirectZol,no,Y,straight,Y,"NA",ZEV_induction,NA,NA,GCN4,SCGal,30,Estradiol,15,1,sequence/run_4027_samplesBrent_11_GTAC_23_SIC_Index06_ACGCGGG_GACCTTGT_S24_R1_001.fastq.gz,sequence/run_4027_samplesBrent_11_GTAC_23_SIC_Index06_ACGCGGG_GACCTTGT_S24_R1_001_read_count.tsv
11.01.19,J.PLAGGENBERG,12,4027,NA,NextSeq,MidOutput,fullRNASeq,86.7,0.831,3668203,Brent_12_GTAC_24_SIC_Index06_GGAGTCC_GACCTTGT_S25_R1_001.fastq.gz,10.25.19,J.PLAGGENBERG,12,24,GGAGTCC,SIC_Index06,GACCTT,E7760,no,10.25.19,J.PLAGGENBERG,12,E7760,No,10.21.19,J.PLAGGENBERG,12,NEBNextPoly(A)E7490,E7760,No,random,10.10.19,J.PLAGGENBERG,12,DirectZol,no,Y,straight,Y,"NA",ZEV_induction_30min_delay,NA,NA,CBF1,SCGal,30,Estradiol,90,5,sequence/run_4027_samplesBrent_12_GTAC_24_SIC_Index06_GGAGTCC_GACCTTGT_S25_R1_001.fastq.gz,sequence/run_4027_samplesBrent_12_GTAC_24_SIC_Index06_GGAGTCC_GACCTTGT_S25_R1_001_read_count.tsv
11.01.19,J.PLAGGENBERG,12,4027,NA,NextSeq,MidOutput,fullRNASeq,86.7,0.831,3668203,Brent_12_GTAC_24_SIC_Index06_GGAGTCC_GACCTTGT_S25_R1_001.fastq.gz,10.25.19,J.PLAGGENBERG,12,24,GGAGTCC,SIC_Index06,GACCTT,E7760,no,10.25.19,J.PLAGGENBERG,12,E7760,No,10.21.19,J.PLAGGENBERG,12,NEBNextPoly(A)E7490,E7760,No,random,10.10.19,J.PLAGGENBERG,12,DirectZol,no,Y,straight,Y,"NA",ZEV_induction,NA,NA,TYE7,SCGal,30,Estradiol,15,1,sequence/run_4027_samplesBrent_12_GTAC_24_SIC_Index06_GGAGTCC_GACCTTGT_S25_R1_001.fastq.gz,sequence/run_4027_samplesBrent_12_GTAC_24_SIC_Index06_GGAGTCC_GACCTTGT_S25_R1_001_read_count.tsv
11.01.19,J.PLAGGENBERG,13,4027,NA,NextSeq,MidOutput,fullRNASeq,62.9,0.789,2298193,Brent_13_GTAC_25_SIC_Index06_CGTCGCT_GACCTTGT_S26_R1_001.fastq.gz,10.25.19,J.PLAGGENBERG,13,25,CGTCGCT,SIC_Index06,GACCTT,E7760,no,10.25.19,J.PLAGGENBERG,13,E7760,No,10.21.19,J.PLAGGENBERG,13,NEBNextPoly(A)E7490,E7760,No,random,10.10.19,J.PLAGGENBERG,13,DirectZol,no,Y,straight,Y,"NA",ZEV_induction,NA,NA,GCN4,SCGal,30,EtoH,20,1,sequence/run_4027_samplesBrent_13_GTAC_25_SIC_Index06_CGTCGCT_GACCTTGT_S26_R1_001.fastq.gz,sequence/run_4027_samplesBrent_13_GTAC_25_SIC_Index06_CGTCGCT_GACCTTGT_S26_R1_001_read_count.tsv
11.01.19,J.PLAGGENBERG,14,4027,NA,NextSeq,MidOutput,fullRNASeq,122,1.151,3693956,Brent_14_GTAC_26_SIC_Index06_TCAACTG_GACCTTGT_S27_R1_001.fastq.gz,10.25.19,J.PLAGGENBERG,14,26,TCAACTG,SIC_Index06,GACCTT,E7760,no,10.25.19,J.PLAGGENBERG,14,E7760,No,10.21.19,J.PLAGGENBERG,14,NEBNextPoly(A)E7490,E7760,No,random,10.10.19,J.PLAGGENBERG,14,DirectZol,no,Y,straight,Y,"NA",ZEV_induction,NA,NA,TYE7,SCGal,30,EtoH,20,1,sequence/run_4027_samplesBrent_14_GTAC_26_SIC_Index06_TCAACTG_GACCTTGT_S27_R1_001.fastq.gz,sequence/run_4027_samplesBrent_14_GTAC_26_SIC_Index06_TCAACTG_GACCTTGT_S27_R1_001_read_count.tsv
11.01.19,J.PLAGGENBERG,15,4027,NA,NextSeq,MidOutput,fullRNASeq,43.2,0.848,2131236,Brent_15_GTAC_27_SIC_Index06_TGTTTGT_GACCTTGT_S28_R1_001.fastq.gz,10.25.19,J.PLAGGENBERG,15,27,TGTTTGT,SIC_Index06,GACCTT,E7760,no,10.25.19,J.PLAGGENBERG,15,E7760,No,10.21.19,J.PLAGGENBERG,15,NEBNextPoly(A)E7490,E7760,No,random,10.10.19,J.PLAGGENBERG,15,DirectZol,no,Y,straight,Y,"NA",ZEV_induction,NA,NA,GCN4,SCGal,30,Estradiol,20,1,sequence/run_4027_samplesBrent_15_GTAC_27_SIC_Index06_TGTTTGT_GACCTTGT_S28_R1_001.fastq.gz,sequence/run_4027_samplesBrent_15_GTAC_27_SIC_Index06_TGTTTGT_GACCTTGT_S28_R1_001_read_count.tsv
11.01.19,J.PLAGGENBERG,17,4027,NA,NextSeq,MidOutput,fullRNASeq,32.5,0.9,3193497,Brent_17_GTAC_29_SIC_Index06_GTTCTCA_GACCTTGT_S30_R1_001.fastq.gz,10.25.19,J.PLAGGENBERG,17,29,GTTCTCA,SIC_Index06,GACCTT,E7760,no,10.25.19,J.PLAGGENBERG,17,E7760,No,10.21.19,J.PLAGGENBERG,17,NEBNextPoly(A)E7490,E7760,No,random,10.10.19,J.PLAGGENBERG,17,DirectZol,no,Y,straight,Y,"NA",ZEV_induction,NA,NA,GCN4,SCGal,30,EtoH,90,1,sequence/run_4027_samplesBrent_17_GTAC_29_SIC_Index06_GTTCTCA_GACCTTGT_S30_R1_001.fastq.gz,sequence/run_4027_samplesBrent_17_GTAC_29_SIC_Index06_GTTCTCA_GACCTTGT_S30_R1_001_read_count.tsv
11.01.19,J.PLAGGENBERG,18,4027,NA,NextSeq,MidOutput,fullRNASeq,201,1.363,3096460,Brent_18_GTAC_30_SIC_Index06_CTGGTGG_GACCTTGT_S31_R1_001.fastq.gz,10.25.19,J.PLAGGENBERG,18,30,CTGGTGG,SIC_Index06,GACCTT,E7760,no,10.25.19,J.PLAGGENBERG,18,E7760,No,10.21.19,J.PLAGGENBERG,18,NEBNextPoly(A)E7490,E7760,No,random,10.10.19,J.PLAGGENBERG,18,DirectZol,no,Y,straight,Y,"NA",ZEV_induction,NA,NA,TYE7,SCGal,30,EtoH,90,1,sequence/run_4027_samplesBrent_18_GTAC_30_SIC_Index06_CTGGTGG_GACCTTGT_S31_R1_001.fastq.gz,sequence/run_4027_samplesBrent_18_GTAC_30_SIC_Index06_CTGGTGG_GACCTTGT_S31_R1_001_read_count.tsv
11.01.19,J.PLAGGENBERG,19,4027,NA,NextSeq,MidOutput,fullRNASeq,183,1.121,3643116,Brent_19_GTAC_31_SIC_Index06_TGCCCAT_GACCTTGT_S32_R1_001.fastq.gz,10.25.19,J.PLAGGENBERG,19,31,TGCCCAT,SIC_Index06,GACCTT,E7760,no,10.25.19,J.PLAGGENBERG,19,E7760,No,10.21.19,J.PLAGGENBERG,19,NEBNextPoly(A)E7490,E7760,No,random,10.10.19,J.PLAGGENBERG,19,DirectZol,no,Y,straight,Y,"NA",ZEV_induction,NA,NA,GCN4,SCGal,30,Estradiol,90,1,sequence/run_4027_samplesBrent_19_GTAC_31_SIC_Index06_TGCCCAT_GACCTTGT_S32_R1_001.fastq.gz,sequence/run_4027_samplesBrent_19_GTAC_31_SIC_Index06_TGCCCAT_GACCTTGT_S32_R1_001_read_count.tsv
11.01.19,J.PLAGGENBERG,20,4027,NA,NextSeq,MidOutput,fullRNASeq,104,1.138,3011019,Brent_20_GTAC_32_SIC_Index06_AAACCTT_GACCTTGT_S33_R1_001.fastq.gz,10.25.19,J.PLAGGENBERG,20,32,AAACCTT,SIC_Index06,GACCTT,E7760,no,10.25.19,J.PLAGGENBERG,20,E7760,No,10.21.19,J.PLAGGENBERG,20,NEBNextPoly(A)E7490,E7760,No,random,10.10.19,J.PLAGGENBERG,20,DirectZol,no,Y,straight,Y,"NA",ZEV_induction,NA,NA,TYE7,SCGal,30,Estradiol,90,1,sequence/run_4027_samplesBrent_20_GTAC_32_SIC_Index06_AAACCTT_GACCTTGT_S33_R1_001.fastq.gz,sequence/run_4027_samplesBrent_20_GTAC_32_SIC_Index06_AAACCTT_GACCTTGT_S33_R1_001_read_count.tsv
11.01.19,J.PLAGGENBERG,21,4027,NA,NextSeq,MidOutput,fullRNASeq,39.3,0.682,3089471,Brent_21_GTAC_33_SIC_Index06_ACCATAC_GACCTTGT_S34_R1_001.fastq.gz,10.25.19,J.PLAGGENBERG,21,33,ACCATAC,SIC_Index06,GACCTT,E7760,no,10.25.19,J.PLAGGENBERG,21,E7760,No,10.21.19,J.PLAGGENBERG,21,NEBNextPoly(A)E7490,E7760,No,random,10.11.19,J.PLAGGENBERG,21,DirectZol,no,Y,straight,Y,"NA",ZEV_induction,NA,NA,GCN4,SCGal,30,EtoH,-1,2,sequence/run_4027_samplesBrent_21_GTAC_33_SIC_Index06_ACCATAC_GACCTTGT_S34_R1_001.fastq.gz,sequence/run_4027_samplesBrent_21_GTAC_33_SIC_Index06_ACCATAC_GACCTTGT_S34_R1_001_read_count.tsv
11.01.19,J.PLAGGENBERG,22,4027,NA,NextSeq,MidOutput,fullRNASeq,67.2,1.14,2851124,Brent_22_GTAC_34_SIC_Index06_AATACGC_GACCTTGT_S35_R1_001.fastq.gz,10.25.19,J.PLAGGENBERG,22,34,AATACGC,SIC_Index06,GACCTT,E7760,no,10.25.19,J.PLAGGENBERG,22,E7760,No,10.21.19,J.PLAGGENBERG,22,NEBNextPoly(A)E7490,E7760,No,random,10.11.19,J.PLAGGENBERG,22,DirectZol,no,Y,straight,Y,"NA",ZEV_induction,NA,NA,TYE7,SCGal,30,EtoH,-1,2,sequence/run_4027_samplesBrent_22_GTAC_34_SIC_Index06_AATACGC_GACCTTGT_S35_R1_001.fastq.gz,sequence/run_4027_samplesBrent_22_GTAC_34_SIC_Index06_AATACGC_GACCTTGT_S35_R1_001_read_count.tsv
11.01.19,J.PLAGGENBERG,23,4027,NA,NextSeq,MidOutput,fullRNASeq,26.5,0.935,2980936,Brent_23_GTAC_35_SIC_Index06_CGCTACA_GACCTTGT_S36_R1_001.fastq.gz,10.25.19,J.PLAGGENBERG,23,35,CGCTACA,SIC_Index06,GACCTT,E7760,no,10.25.19,J.PLAGGENBERG,23,E7760,No,10.21.19,J.PLAGGENBERG,23,NEBNextPoly(A)E7490,E7760,No,random,10.11.19,J.PLAGGENBERG,23,DirectZol,no,Y,straight,Y,"NA",ZEV_induction,NA,NA,GCN4,SCGal,30,Estradiol,-1,2,sequence/run_4027_samplesBrent_23_GTAC_35_SIC_Index06_CGCTACA_GACCTTGT_S36_R1_001.fastq.gz,sequence/run_4027_samplesBrent_23_GTAC_35_SIC_Index06_CGCTACA_GACCTTGT_S36_R1_001_read_count.tsv
11.01.19,J.PLAGGENBERG,24,4027,NA,NextSeq,MidOutput,fullRNASeq,83.5,1.154,3051674,Brent_24_GTAC_36_SIC_Index06_TGGCATA_GACCTTGT_S37_R1_001.fastq.gz,10.25.19,J.PLAGGENBERG,24,36,TGGCATA,SIC_Index06,GACCTT,E7760,no,10.25.19,J.PLAGGENBERG,24,E7760,No,10.21.19,J.PLAGGENBERG,24,NEBNextPoly(A)E7490,E7760,No,random,10.11.19,J.PLAGGENBERG,24,DirectZol,no,Y,straight,Y,"NA",ZEV_induction,NA,NA,TYE7,SCGal,30,Estradiol,-1,2,sequence/run_4027_samplesBrent_24_GTAC_36_SIC_Index06_TGGCATA_GACCTTGT_S37_R1_001.fastq.gz,sequence/run_4027_samplesBrent_24_GTAC_36_SIC_Index06_TGGCATA_GACCTTGT_S37_R1_001_read_count.tsv
11.01.19,J.PLAGGENBERG,25,4027,NA,NextSeq,MidOutput,fullRNASeq,10.4,0.517,3492619,Brent_25_GTAC_37_SIC_Index06_TTTTGTC_GACCTTGT_S38_R1_001.fastq.gz,10.25.19,J.PLAGGENBERG,25,37,TTTTGTC,SIC_Index06,GACCTT,E7760,no,10.25.19,J.PLAGGENBERG,25,E7760,No,10.21.19,J.PLAGGENBERG,25,NEBNextPoly(A)E7490,E7760,No,random,10.11.19,J.PLAGGENBERG,25,DirectZol,no,Y,straight,Y,"NA",ZEV_induction,NA,NA,GCN4,SCGal,30,EtoH,10,2,sequence/run_4027_samplesBrent_25_GTAC_37_SIC_Index06_TTTTGTC_GACCTTGT_S38_R1_001.fastq.gz,sequence/run_4027_samplesBrent_25_GTAC_37_SIC_Index06_TTTTGTC_GACCTTGT_S38_R1_001_read_count.tsv
11.01.19,J.PLAGGENBERG,26,4027,NA,NextSeq,MidOutput,fullRNASeq,108,2.456,2500744,Brent_26_GTAC_38_SIC_Index06_ACCCACT_GACCTTGT_S39_R1_001.fastq.gz,10.25.19,J.PLAGGENBERG,26,38,ACCCACT,SIC_Index06,GACCTT,E7760,no,10.25.19,J.PLAGGENBERG,26,E7760,No,10.21.19,J.PLAGGENBERG,26,NEBNextPoly(A)E7490,E7760,No,random,10.11.19,J.PLAGGENBERG,26,DirectZol,no,Y,straight,Y,"NA",ZEV_induction,NA,NA,TYE7,SCGal,30,EtoH,10,2,sequence/run_4027_samplesBrent_26_GTAC_38_SIC_Index06_ACCCACT_GACCTTGT_S39_R1_001.fastq.gz,sequence/run_4027_samplesBrent_26_GTAC_38_SIC_Index06_ACCCACT_GACCTTGT_S39_R1_001_read_count.tsv
11.01.19,J.PLAGGENBERG,27,4027,NA,NextSeq,MidOutput,fullRNASeq,87.4,1.199,3223554,Brent_27_GTAC_39_SIC_Index06_CCGGACC_GACCTTGT_S40_R1_001.fastq.gz,10.25.19,J.PLAGGENBERG,27,39,CCGGACC,SIC_Index06,GACCTT,E7760,no,10.25.19,J.PLAGGENBERG,27,E7760,No,10.21.19,J.PLAGGENBERG,27,NEBNextPoly(A)E7490,E7760,No,random,10.11.19,J.PLAGGENBERG,27,DirectZol,no,Y,straight,Y,"NA",ZEV_induction,NA,NA,GCN4,SCGal,30,Estradiol,10,2,sequence/run_4027_samplesBrent_27_GTAC_39_SIC_Index06_CCGGACC_GACCTTGT_S40_R1_001.fastq.gz,sequence/run_4027_samplesBrent_27_GTAC_39_SIC_Index06_CCGGACC_GACCTTGT_S40_R1_001_read_count.tsv
11.01.19,J.PLAGGENBERG,28,4027,NA,NextSeq,MidOutput,fullRNASeq,46.8,1.487,2649749,Brent_28_GTAC_40_SIC_Index06_GTACGGC_GACCTTGT_S41_R1_001.fastq.gz,10.25.19,J.PLAGGENBERG,28,40,GTACGGC,SIC_Index06,GACCTT,E7760,no,10.25.19,J.PLAGGENBERG,28,E7760,No,10.21.19,J.PLAGGENBERG,28,NEBNextPoly(A)E7490,E7760,No,random,10.11.19,J.PLAGGENBERG,28,DirectZol,no,Y,straight,Y,"NA",ZEV_induction,NA,NA,TYE7,SCGal,30,Estradiol,10,2,sequence/run_4027_samplesBrent_28_GTAC_40_SIC_Index06_GTACGGC_GACCTTGT_S41_R1_001.fastq.gz,sequence/run_4027_samplesBrent_28_GTAC_40_SIC_Index06_GTACGGC_GACCTTGT_S41_R1_001_read_count.tsv
11.01.19,J.PLAGGENBERG,29,4027,NA,NextSeq,MidOutput,fullRNASeq,95,0.934,3170690,Brent_29_GTAC_41_SIC_Index06_TTGCCCC_GACCTTGT_S42_R1_001.fastq.gz,10.25.19,J.PLAGGENBERG,29,41,TTGCCCC,SIC_Index06,GACCTT,E7760,no,10.25.19,J.PLAGGENBERG,29,E7760,No,10.21.19,J.PLAGGENBERG,29,NEBNextPoly(A)E7490,E7760,No,random,10.11.19,J.PLAGGENBERG,29,DirectZol,no,Y,straight,Y,"NA",ZEV_induction,NA,NA,GCN4,SCGal,30,EtoH,15,2,sequence/run_4027_samplesBrent_29_GTAC_41_SIC_Index06_TTGCCCC_GACCTTGT_S42_R1_001.fastq.gz,sequence/run_4027_samplesBrent_29_GTAC_41_SIC_Index06_TTGCCCC_GACCTTGT_S42_R1_001_read_count.tsv
11.01.19,J.PLAGGENBERG,30,4027,NA,NextSeq,MidOutput,fullRNASeq,47.9,0.776,2991469,Brent_30_GTAC_42_SIC_Index06_ACTCCAA_GACCTTGT_S43_R1_001.fastq.gz,10.25.19,J.PLAGGENBERG,30,42,ACTCCAA,SIC_Index06,GACCTT,E7760,no,10.25.19,J.PLAGGENBERG,30,E7760,No,10.21.19,J.PLAGGENBERG,30,NEBNextPoly(A)E7490,E7760,No,random,10.11.19,J.PLAGGENBERG,30,DirectZol,no,Y,straight,Y,"NA",ZEV_induction,NA,NA,TYE7,SCGal,30,EtoH,15,2,sequence/run_4027_samplesBrent_30_GTAC_42_SIC_Index06_ACTCCAA_GACCTTGT_S43_R1_001.fastq.gz,sequence/run_4027_samplesBrent_30_GTAC_42_SIC_Index06_ACTCCAA_GACCTTGT_S43_R1_001_read_count.tsv
11.01.19,J.PLAGGENBERG,31,4027,NA,NextSeq,MidOutput,fullRNASeq,29.3,0.831,2618970,Brent_31_GTAC_43_SIC_Index06_TGTGCCA_GACCTTGT_S44_R1_001.fastq.gz,10.25.19,J.PLAGGENBERG,31,43,TGTGCCA,SIC_Index06,GACCTT,E7760,no,10.25.19,J.PLAGGENBERG,31,E7760,No,10.21.19,J.PLAGGENBERG,31,NEBNextPoly(A)E7490,E7760,No,random,10.11.19,J.PLAGGENBERG,31,DirectZol,no,Y,straight,Y,"NA",ZEV_induction,NA,NA,GCN4,SCGal,30,Estradiol,15,2,sequence/run_4027_samplesBrent_31_GTAC_43_SIC_Index06_TGTGCCA_GACCTTGT_S44_R1_001.fastq.gz,sequence/run_4027_samplesBrent_31_GTAC_43_SIC_Index06_TGTGCCA_GACCTTGT_S44_R1_001_read_count.tsv
11.01.19,J.PLAGGENBERG,32,4027,NA,NextSeq,MidOutput,fullRNASeq,86.4,1.342,3201377,Brent_32_GTAC_44_SIC_Index06_AACGGAG_GACCTTGT_S45_R1_001.fastq.gz,10.25.19,J.PLAGGENBERG,32,44,AACGGAG,SIC_Index06,GACCTT,E7760,no,10.25.19,J.PLAGGENBERG,32,E7760,No,10.21.19,J.PLAGGENBERG,32,NEBNextPoly(A)E7490,E7760,No,random,10.11.19,J.PLAGGENBERG,32,DirectZol,no,Y,straight,Y,"NA",ZEV_induction,NA,NA,TYE7,SCGal,30,Estradiol,15,2,sequence/run_4027_samplesBrent_32_GTAC_44_SIC_Index06_AACGGAG_GACCTTGT_S45_R1_001.fastq.gz,sequence/run_4027_samplesBrent_32_GTAC_44_SIC_Index06_AACGGAG_GACCTTGT_S45_R1_001_read_count.tsv
11.01.19,J.PLAGGENBERG,33,4027,NA,NextSeq,MidOutput,fullRNASeq,69,0.782,3026919,Brent_33_GTAC_45_SIC_Index06_GATAGTT_GACCTTGT_S46_R1_001.fastq.gz,10.25.19,J.PLAGGENBERG,33,45,GATAGTT,SIC_Index06,GACCTT,E7760,no,10.25.19,J.PLAGGENBERG,33,E7760,No,10.21.19,J.PLAGGENBERG,33,NEBNextPoly(A)E7490,E7760,No,random,10.11.19,J.PLAGGENBERG,33,DirectZol,no,Y,straight,Y,"NA",ZEV_induction,NA,NA,GCN4,SCGal,30,EtoH,20,2,sequence/run_4027_samplesBrent_33_GTAC_45_SIC_Index06_GATAGTT_GACCTTGT_S46_R1_001.fastq.gz,sequence/run_4027_samplesBrent_33_GTAC_45_SIC_Index06_GATAGTT_GACCTTGT_S46_R1_001_read_count.tsv
11.01.19,J.PLAGGENBERG,34,4027,NA,NextSeq,MidOutput,fullRNASeq,87.3,0.881,2434085,Brent_34_GTAC_46_SIC_Index06_GGTGAAT_GACCTTGT_S47_R1_001.fastq.gz,10.25.19,J.PLAGGENBERG,34,46,GGTGAAT,SIC_Index06,GACCTT,E7760,no,10.25.19,J.PLAGGENBERG,34,E7760,No,10.21.19,J.PLAGGENBERG,34,NEBNextPoly(A)E7490,E7760,No,random,10.11.19,J.PLAGGENBERG,34,DirectZol,no,Y,straight,Y,"NA",ZEV_induction,NA,NA,TYE7,SCGal,30,EtoH,20,2,sequence/run_4027_samplesBrent_34_GTAC_46_SIC_Index06_GGTGAAT_GACCTTGT_S47_R1_001.fastq.gz,sequence/run_4027_samplesBrent_34_GTAC_46_SIC_Index06_GGTGAAT_GACCTTGT_S47_R1_001_read_count.tsv
11.01.19,J.PLAGGENBERG,35,4027,NA,NextSeq,MidOutput,fullRNASeq,27.7,0.514,3092222,Brent_35_GTAC_47_SIC_Index06_ATGTTCT_GACCTTGT_S48_R1_001.fastq.gz,10.25.19,J.PLAGGENBERG,35,47,ATGTTCT,SIC_Index06,GACCTT,E7760,no,10.25.19,J.PLAGGENBERG,35,E7760,No,10.21.19,J.PLAGGENBERG,35,NEBNextPoly(A)E7490,E7760,No,random,10.11.19,J.PLAGGENBERG,35,DirectZol,no,Y,straight,Y,"NA",ZEV_induction,NA,NA,GCN4,SCGal,30,Estradiol,20,2,sequence/run_4027_samplesBrent_35_GTAC_47_SIC_Index06_ATGTTCT_GACCTTGT_S48_R1_001.fastq.gz,sequence/run_4027_samplesBrent_35_GTAC_47_SIC_Index06_ATGTTCT_GACCTTGT_S48_R1_001_read_count.tsv
11.01.19,J.PLAGGENBERG,36,4027,NA,NextSeq,MidOutput,fullRNASeq,116,0.85,3048733,Brent_36_GTAC_48_SIC_Index06_GTAAAAA_GACCTTGT_S49_R1_001.fastq.gz,10.25.19,J.PLAGGENBERG,36,48,GTAAAAA,SIC_Index06,GACCTT,E7760,no,10.25.19,J.PLAGGENBERG,36,E7760,No,10.21.19,J.PLAGGENBERG,36,NEBNextPoly(A)E7490,E7760,No,random,10.11.19,J.PLAGGENBERG,36,DirectZol,no,Y,straight,Y,"NA",ZEV_induction,NA,NA,TYE7,SCGal,30,Estradiol,20,2,sequence/run_4027_samplesBrent_36_GTAC_48_SIC_Index06_GTAAAAA_GACCTTGT_S49_R1_001.fastq.gz,sequence/run_4027_samplesBrent_36_GTAC_48_SIC_Index06_GTAAAAA_GACCTTGT_S49_R1_001_read_count.tsv
11.01.19,J.PLAGGENBERG,37,4027,NA,NextSeq,MidOutput,fullRNASeq,94.3,0.979,2989344,Brent_37_GTAC_49_SIC_Index06_GTCTGAT_GACCTTGT_S50_R1_001.fastq.gz,10.25.19,J.PLAGGENBERG,37,49,GTCTGAT,SIC_Index06,GACCTT,E7760,no,10.25.19,J.PLAGGENBERG,37,E7760,No,10.21.19,J.PLAGGENBERG,37,NEBNextPoly(A)E7490,E7760,No,random,10.11.19,J.PLAGGENBERG,37,DirectZol,no,Y,straight,Y,"NA",ZEV_induction,NA,NA,GCN4,SCGal,30,EtoH,90,2,sequence/run_4027_samplesBrent_37_GTAC_49_SIC_Index06_GTCTGAT_GACCTTGT_S50_R1_001.fastq.gz,sequence/run_4027_samplesBrent_37_GTAC_49_SIC_Index06_GTCTGAT_GACCTTGT_S50_R1_001_read_count.tsv
11.01.19,J.PLAGGENBERG,38,4027,NA,NextSeq,MidOutput,fullRNASeq,145,0.939,2767560,Brent_38_GTAC_50_SIC_Index06_CAATATC_GACCTTGT_S51_R1_001.fastq.gz,10.25.19,J.PLAGGENBERG,38,50,CAATATC,SIC_Index06,GACCTT,E7760,no,10.25.19,J.PLAGGENBERG,38,E7760,No,10.21.19,J.PLAGGENBERG,38,NEBNextPoly(A)E7490,E7760,No,random,10.11.19,J.PLAGGENBERG,38,DirectZol,no,Y,straight,Y,"NA",ZEV_induction,NA,NA,TYE7,SCGal,30,EtoH,90,2,sequence/run_4027_samplesBrent_38_GTAC_50_SIC_Index06_CAATATC_GACCTTGT_S51_R1_001.fastq.gz,sequence/run_4027_samplesBrent_38_GTAC_50_SIC_Index06_CAATATC_GACCTTGT_S51_R1_001_read_count.tsv
11.01.19,J.PLAGGENBERG,39,4027,NA,NextSeq,MidOutput,fullRNASeq,11.1,0.504,2357245,Brent_39_GTAC_51_SIC_Index06_CTCCCGA_GACCTTGT_S52_R1_001.fastq.gz,10.25.19,J.PLAGGENBERG,39,51,CTCCCGA,SIC_Index06,GACCTT,E7760,no,10.25.19,J.PLAGGENBERG,39,E7760,No,10.21.19,J.PLAGGENBERG,39,NEBNextPoly(A)E7490,E7760,No,random,10.11.19,J.PLAGGENBERG,39,DirectZol,no,Y,straight,Y,"NA",ZEV_induction,NA,NA,GCN4,SCGal,30,Estradiol,90,2,sequence/run_4027_samplesBrent_39_GTAC_51_SIC_Index06_CTCCCGA_GACCTTGT_S52_R1_001.fastq.gz,sequence/run_4027_samplesBrent_39_GTAC_51_SIC_Index06_CTCCCGA_GACCTTGT_S52_R1_001_read_count.tsv
11.01.19,J.PLAGGENBERG,40,4027,NA,NextSeq,MidOutput,fullRNASeq,34.3,1.011,3258009,Brent_40_GTAC_52_SIC_Index06_GCCGTTT_GACCTTGT_S53_R1_001.fastq.gz,10.25.19,J.PLAGGENBERG,40,52,GCCGTTT,SIC_Index06,GACCTT,E7760,no,10.25.19,J.PLAGGENBERG,40,E7760,No,10.21.19,J.PLAGGENBERG,40,NEBNextPoly(A)E7490,E7760,No,random,10.11.19,J.PLAGGENBERG,40,DirectZol,no,Y,straight,Y,"NA",ZEV_induction,NA,NA,TYE7,SCGal,30,Estradiol,90,2,sequence/run_4027_samplesBrent_40_GTAC_52_SIC_Index06_GCCGTTT_GACCTTGT_S53_R1_001.fastq.gz,sequence/run_4027_samplesBrent_40_GTAC_52_SIC_Index06_GCCGTTT_GACCTTGT_S53_R1_001_read_count.tsv
10.22.19,J.PLAGGENBERG,2,4027,NA,NextSeq,MidOutput,fullRNASeq,21.4,0.886,3208729,Brent_C2_GTAC_2_SIC_Index06_GCTTAGA_GACCTTGT_S3_R1_001.fastq.gz,10.21.19,J.PLAGGENBERG,2,2,GCTTAGA,SIC_Index06,GACCTT,E7760,no,10.21.19,J.PLAGGENBERG,2,E7760,No,10.11.19,A.BOODRAM,2,NEBNextPoly(A)E7490,E7760,No,random,10.10.19,J.PLAGGENBERG,2,DirectZol,no,Y,straight,Y,"NA",ZEV_induction_30min_delay,NA,NA,CBF1,SCGal,30,Estradiol,-1,4,sequence/run_4027_samplesBrent_C2_GTAC_2_SIC_Index06_GCTTAGA_GACCTTGT_S3_R1_001.fastq.gz,sequence/run_4027_samplesBrent_C2_GTAC_2_SIC_Index06_GCTTAGA_GACCTTGT_S3_R1_001_read_count.tsv
10.22.19,J.PLAGGENBERG,2,4027,NA,NextSeq,MidOutput,fullRNASeq,21.4,0.886,3208729,Brent_C2_GTAC_2_SIC_Index06_GCTTAGA_GACCTTGT_S3_R1_001.fastq.gz,10.21.19,J.PLAGGENBERG,2,2,GCTTAGA,SIC_Index06,GACCTT,E7760,no,10.21.19,J.PLAGGENBERG,2,E7760,No,10.11.19,A.BOODRAM,2,NEBNextPoly(A)E7490,E7760,No,random,10.10.19,J.PLAGGENBERG,2,DirectZol,no,Y,straight,Y,"NA",ZEV_induction,NA,NA,TYE7,SCGal,30,EtoH,-1,1,sequence/run_4027_samplesBrent_C2_GTAC_2_SIC_Index06_GCTTAGA_GACCTTGT_S3_R1_001.fastq.gz,sequence/run_4027_samplesBrent_C2_GTAC_2_SIC_Index06_GCTTAGA_GACCTTGT_S3_R1_001_read_count.tsv
10.22.19,J.PLAGGENBERG,3,4027,NA,NextSeq,MidOutput,fullRNASeq,32.8,1.966,6481275,Brent_C3_GTAC_3_SIC_Index06_ATGACAG_GACCTTGT_S4_R1_001.fastq.gz,10.21.19,J.PLAGGENBERG,3,3,ATGACAG,SIC_Index06,GACCTT,E7760,no,10.21.19,J.PLAGGENBERG,3,E7760,No,10.11.19,A.BOODRAM,3,NEBNextPoly(A)E7490,E7760,No,random,10.10.19,J.PLAGGENBERG,3,DirectZol,no,Y,straight,Y,"NA",ZEV_induction_30min_delay,NA,NA,CBF1,SCGal,30,EtoH,15,4,sequence/run_4027_samplesBrent_C3_GTAC_3_SIC_Index06_ATGACAG_GACCTTGT_S4_R1_001.fastq.gz,sequence/run_4027_samplesBrent_C3_GTAC_3_SIC_Index06_ATGACAG_GACCTTGT_S4_R1_001_read_count.tsv
10.22.19,J.PLAGGENBERG,3,4027,NA,NextSeq,MidOutput,fullRNASeq,32.8,1.966,6481275,Brent_C3_GTAC_3_SIC_Index06_ATGACAG_GACCTTGT_S4_R1_001.fastq.gz,10.21.19,J.PLAGGENBERG,3,3,ATGACAG,SIC_Index06,GACCTT,E7760,no,10.21.19,J.PLAGGENBERG,3,E7760,No,10.11.19,A.BOODRAM,3,NEBNextPoly(A)E7490,E7760,No,random,10.10.19,J.PLAGGENBERG,3,DirectZol,no,Y,straight,Y,"NA",ZEV_induction,NA,NA,GCN4,SCGal,30,Estradiol,-1,1,sequence/run_4027_samplesBrent_C3_GTAC_3_SIC_Index06_ATGACAG_GACCTTGT_S4_R1_001.fastq.gz,sequence/run_4027_samplesBrent_C3_GTAC_3_SIC_Index06_ATGACAG_GACCTTGT_S4_R1_001_read_count.tsv
10.22.19,J.PLAGGENBERG,4,4027,NA,NextSeq,MidOutput,fullRNASeq,105,0.813,2920134,Brent_C4_GTAC_4_SIC_Index06_CACCTCC_GACCTTGT_S5_R1_001.fastq.gz,10.21.19,J.PLAGGENBERG,4,4,CACCTCC,SIC_Index06,GACCTT,E7760,no,10.21.19,J.PLAGGENBERG,4,E7760,No,10.11.19,A.BOODRAM,4,NEBNextPoly(A)E7490,E7760,No,random,10.10.19,J.PLAGGENBERG,4,DirectZol,no,Y,straight,Y,"NA",ZEV_induction_30min_delay,NA,NA,CBF1,SCGal,30,Estradiol,15,4,sequence/run_4027_samplesBrent_C4_GTAC_4_SIC_Index06_CACCTCC_GACCTTGT_S5_R1_001.fastq.gz,sequence/run_4027_samplesBrent_C4_GTAC_4_SIC_Index06_CACCTCC_GACCTTGT_S5_R1_001_read_count.tsv
10.22.19,J.PLAGGENBERG,4,4027,NA,NextSeq,MidOutput,fullRNASeq,105,0.813,2920134,Brent_C4_GTAC_4_SIC_Index06_CACCTCC_GACCTTGT_S5_R1_001.fastq.gz,10.21.19,J.PLAGGENBERG,4,4,CACCTCC,SIC_Index06,GACCTT,E7760,no,10.21.19,J.PLAGGENBERG,4,E7760,No,10.11.19,A.BOODRAM,4,NEBNextPoly(A)E7490,E7760,No,random,10.10.19,J.PLAGGENBERG,4,DirectZol,no,Y,straight,Y,"NA",ZEV_induction,NA,NA,TYE7,SCGal,30,Estradiol,-1,1,sequence/run_4027_samplesBrent_C4_GTAC_4_SIC_Index06_CACCTCC_GACCTTGT_S5_R1_001.fastq.gz,sequence/run_4027_samplesBrent_C4_GTAC_4_SIC_Index06_CACCTCC_GACCTTGT_S5_R1_001_read_count.tsv
10.22.19,J.PLAGGENBERG,5,4027,NA,NextSeq,MidOutput,fullRNASeq,140,2.085,6348652,Brent_C5_GTAC_5_SIC_Index06_ATCGAGC_GACCTTGT_S6_R1_001.fastq.gz,10.21.19,J.PLAGGENBERG,5,5,ATCGAGC,SIC_Index06,GACCTT,E7760,no,10.21.19,J.PLAGGENBERG,5,E7760,No,10.11.19,A.BOODRAM,5,NEBNextPoly(A)E7490,E7760,No,random,10.10.19,J.PLAGGENBERG,5,DirectZol,no,Y,straight,Y,"NA",ZEV_induction_30min_delay,NA,NA,CBF1,SCGal,30,EtoH,90,4,sequence/run_4027_samplesBrent_C5_GTAC_5_SIC_Index06_ATCGAGC_GACCTTGT_S6_R1_001.fastq.gz,sequence/run_4027_samplesBrent_C5_GTAC_5_SIC_Index06_ATCGAGC_GACCTTGT_S6_R1_001_read_count.tsv
10.22.19,J.PLAGGENBERG,5,4027,NA,NextSeq,MidOutput,fullRNASeq,140,2.085,6348652,Brent_C5_GTAC_5_SIC_Index06_ATCGAGC_GACCTTGT_S6_R1_001.fastq.gz,10.21.19,J.PLAGGENBERG,5,5,ATCGAGC,SIC_Index06,GACCTT,E7760,no,10.21.19,J.PLAGGENBERG,5,E7760,No,10.11.19,A.BOODRAM,5,NEBNextPoly(A)E7490,E7760,No,random,10.10.19,J.PLAGGENBERG,5,DirectZol,no,Y,straight,Y,"NA",ZEV_induction,NA,NA,GCN4,SCGal,30,EtoH,10,1,sequence/run_4027_samplesBrent_C5_GTAC_5_SIC_Index06_ATCGAGC_GACCTTGT_S6_R1_001.fastq.gz,sequence/run_4027_samplesBrent_C5_GTAC_5_SIC_Index06_ATCGAGC_GACCTTGT_S6_R1_001_read_count.tsv
10.22.19,J.PLAGGENBERG,6,4027,NA,NextSeq,MidOutput,fullRNASeq,33.7,0.966,2492536,Brent_C6_GTAC_6_SIC_Index06_TACTCTA_GACCTTGT_S7_R1_001.fastq.gz,10.21.19,J.PLAGGENBERG,6,6,TACTCTA,SIC_Index06,GACCTT,E7760,no,10.21.19,J.PLAGGENBERG,6,E7760,No,10.11.19,A.BOODRAM,6,NEBNextPoly(A)E7490,E7760,No,random,10.10.19,J.PLAGGENBERG,6,DirectZol,no,Y,straight,Y,"NA",ZEV_induction_30min_delay,NA,NA,CBF1,SCGal,30,Estradiol,90,4,sequence/run_4027_samplesBrent_C6_GTAC_6_SIC_Index06_TACTCTA_GACCTTGT_S7_R1_001.fastq.gz,sequence/run_4027_samplesBrent_C6_GTAC_6_SIC_Index06_TACTCTA_GACCTTGT_S7_R1_001_read_count.tsv
10.22.19,J.PLAGGENBERG,6,4027,NA,NextSeq,MidOutput,fullRNASeq,33.7,0.966,2492536,Brent_C6_GTAC_6_SIC_Index06_TACTCTA_GACCTTGT_S7_R1_001.fastq.gz,10.21.19,J.PLAGGENBERG,6,6,TACTCTA,SIC_Index06,GACCTT,E7760,no,10.21.19,J.PLAGGENBERG,6,E7760,No,10.11.19,A.BOODRAM,6,NEBNextPoly(A)E7490,E7760,No,random,10.10.19,J.PLAGGENBERG,6,DirectZol,no,Y,straight,Y,"NA",ZEV_induction,NA,NA,TYE7,SCGal,30,EtoH,10,1,sequence/run_4027_samplesBrent_C6_GTAC_6_SIC_Index06_TACTCTA_GACCTTGT_S7_R1_001.fastq.gz,sequence/run_4027_samplesBrent_C6_GTAC_6_SIC_Index06_TACTCTA_GACCTTGT_S7_R1_001_read_count.tsv
10.22.19,J.PLAGGENBERG,7,4027,NA,NextSeq,MidOutput,fullRNASeq,14.7,1.055,2730661,Brent_C7_GTAC_7_SIC_Index06_AGACTGA_GACCTTGT_S8_R1_001.fastq.gz,10.21.19,J.PLAGGENBERG,7,7,AGACTGA,SIC_Index06,GACCTT,E7760,no,10.21.19,J.PLAGGENBERG,7,E7760,No,10.11.19,A.BOODRAM,7,NEBNextPoly(A)E7490,E7760,No,random,10.10.19,J.PLAGGENBERG,7,DirectZol,no,Y,straight,Y,"NA",ZEV_induction_30min_delay,NA,NA,CBF1,SCGal,30,EtoH,-1,5,sequence/run_4027_samplesBrent_C7_GTAC_7_SIC_Index06_AGACTGA_GACCTTGT_S8_R1_001.fastq.gz,sequence/run_4027_samplesBrent_C7_GTAC_7_SIC_Index06_AGACTGA_GACCTTGT_S8_R1_001_read_count.tsv
10.22.19,J.PLAGGENBERG,7,4027,NA,NextSeq,MidOutput,fullRNASeq,14.7,1.055,2730661,Brent_C7_GTAC_7_SIC_Index06_AGACTGA_GACCTTGT_S8_R1_001.fastq.gz,10.21.19,J.PLAGGENBERG,7,7,AGACTGA,SIC_Index06,GACCTT,E7760,no,10.21.19,J.PLAGGENBERG,7,E7760,No,10.11.19,A.BOODRAM,7,NEBNextPoly(A)E7490,E7760,No,random,10.10.19,J.PLAGGENBERG,7,DirectZol,no,Y,straight,Y,"NA",ZEV_induction,NA,NA,GCN4,SCGal,30,Estradiol,10,1,sequence/run_4027_samplesBrent_C7_GTAC_7_SIC_Index06_AGACTGA_GACCTTGT_S8_R1_001.fastq.gz,sequence/run_4027_samplesBrent_C7_GTAC_7_SIC_Index06_AGACTGA_GACCTTGT_S8_R1_001_read_count.tsv
10.22.19,J.PLAGGENBERG,8,4027,NA,NextSeq,MidOutput,fullRNASeq,112,1.072,3543789,Brent_C8_GTAC_8_SIC_Index06_CTTGGAA_GACCTTGT_S9_R1_001.fastq.gz,10.21.19,J.PLAGGENBERG,8,8,CTTGGAA,SIC_Index06,GACCTT,E7760,no,10.21.19,J.PLAGGENBERG,8,E7760,No,10.11.19,A.BOODRAM,8,NEBNextPoly(A)E7490,E7760,No,random,10.10.19,J.PLAGGENBERG,8,DirectZol,no,Y,straight,Y,"NA",ZEV_induction_30min_delay,NA,NA,CBF1,SCGal,30,Estradiol,-1,5,sequence/run_4027_samplesBrent_C8_GTAC_8_SIC_Index06_CTTGGAA_GACCTTGT_S9_R1_001.fastq.gz,sequence/run_4027_samplesBrent_C8_GTAC_8_SIC_Index06_CTTGGAA_GACCTTGT_S9_R1_001_read_count.tsv
10.22.19,J.PLAGGENBERG,8,4027,NA,NextSeq,MidOutput,fullRNASeq,112,1.072,3543789,Brent_C8_GTAC_8_SIC_Index06_CTTGGAA_GACCTTGT_S9_R1_001.fastq.gz,10.21.19,J.PLAGGENBERG,8,8,CTTGGAA,SIC_Index06,GACCTT,E7760,no,10.21.19,J.PLAGGENBERG,8,E7760,No,10.11.19,A.BOODRAM,8,NEBNextPoly(A)E7490,E7760,No,random,10.10.19,J.PLAGGENBERG,8,DirectZol,no,Y,straight,Y,"NA",ZEV_induction,NA,NA,TYE7,SCGal,30,Estradiol,10,1,sequence/run_4027_samplesBrent_C8_GTAC_8_SIC_Index06_CTTGGAA_GACCTTGT_S9_R1_001.fastq.gz,sequence/run_4027_samplesBrent_C8_GTAC_8_SIC_Index06_CTTGGAA_GACCTTGT_S9_R1_001_read_count.tsv
10.22.19,J.PLAGGENBERG,9,4027,NA,NextSeq,MidOutput,fullRNASeq,21.1,0.91,2098343,Brent_C9_GTAC_9_SIC_Index06_CCGATTA_GACCTTGT_S10_R1_001.fastq.gz,10.21.19,J.PLAGGENBERG,9,9,CCGATTA,SIC_Index06,GACCTT,E7760,no,10.21.19,J.PLAGGENBERG,9,E7760,No,10.11.19,A.BOODRAM,9,NEBNextPoly(A)E7490,E7760,No,random,10.10.19,J.PLAGGENBERG,9,DirectZol,no,Y,straight,Y,"NA",ZEV_induction_30min_delay,NA,NA,CBF1,SCGal,30,EtoH,15,5,sequence/run_4027_samplesBrent_C9_GTAC_9_SIC_Index06_CCGATTA_GACCTTGT_S10_R1_001.fastq.gz,sequence/run_4027_samplesBrent_C9_GTAC_9_SIC_Index06_CCGATTA_GACCTTGT_S10_R1_001_read_count.tsv
10.22.19,J.PLAGGENBERG,9,4027,NA,NextSeq,MidOutput,fullRNASeq,21.1,0.91,2098343,Brent_C9_GTAC_9_SIC_Index06_CCGATTA_GACCTTGT_S10_R1_001.fastq.gz,10.21.19,J.PLAGGENBERG,9,9,CCGATTA,SIC_Index06,GACCTT,E7760,no,10.21.19,J.PLAGGENBERG,9,E7760,No,10.11.19,A.BOODRAM,9,NEBNextPoly(A)E7490,E7760,No,random,10.10.19,J.PLAGGENBERG,9,DirectZol,no,Y,straight,Y,"NA",ZEV_induction,NA,NA,GCN4,SCGal,30,EtoH,15,1,sequence/run_4027_samplesBrent_C9_GTAC_9_SIC_Index06_CCGATTA_GACCTTGT_S10_R1_001.fastq.gz,sequence/run_4027_samplesBrent_C9_GTAC_9_SIC_Index06_CCGATTA_GACCTTGT_S10_R1_001_read_count.tsv
10.22.19,J.PLAGGENBERG,10,4027,NA,NextSeq,MidOutput,fullRNASeq,97.4,1.778,4335505,Brent_C10_GTAC_10_SIC_Index06_GGCAGCG_GACCTTGT_S11_R1_001.fastq.gz,10.21.19,J.PLAGGENBERG,10,10,GGCAGCG,SIC_Index06,GACCTT,E7760,no,10.21.19,J.PLAGGENBERG,10,E7760,No,10.11.19,A.BOODRAM,10,NEBNextPoly(A)E7490,E7760,No,random,10.10.19,J.PLAGGENBERG,10,DirectZol,no,Y,straight,Y,"NA",ZEV_induction_30min_delay,NA,NA,CBF1,SCGal,30,Estradiol,15,5,sequence/run_4027_samplesBrent_C10_GTAC_10_SIC_Index06_GGCAGCG_GACCTTGT_S11_R1_001.fastq.gz,sequence/run_4027_samplesBrent_C10_GTAC_10_SIC_Index06_GGCAGCG_GACCTTGT_S11_R1_001_read_count.tsv
10.22.19,J.PLAGGENBERG,10,4027,NA,NextSeq,MidOutput,fullRNASeq,97.4,1.778,4335505,Brent_C10_GTAC_10_SIC_Index06_GGCAGCG_GACCTTGT_S11_R1_001.fastq.gz,10.21.19,J.PLAGGENBERG,10,10,GGCAGCG,SIC_Index06,GACCTT,E7760,no,10.21.19,J.PLAGGENBERG,10,E7760,No,10.11.19,A.BOODRAM,10,NEBNextPoly(A)E7490,E7760,No,random,10.10.19,J.PLAGGENBERG,10,DirectZol,no,Y,straight,Y,"NA",ZEV_induction,NA,NA,TYE7,SCGal,30,EtoH,15,1,sequence/run_4027_samplesBrent_C10_GTAC_10_SIC_Index06_GGCAGCG_GACCTTGT_S11_R1_001.fastq.gz,sequence/run_4027_samplesBrent_C10_GTAC_10_SIC_Index06_GGCAGCG_GACCTTGT_S11_R1_001_read_count.tsv
10.22.19,J.PLAGGENBERG,11,4027,NA,NextSeq,MidOutput,fullRNASeq,6.38,1.256,2118610,Brent_C11_GTAC_11_SIC_Index06_CCATCAT_GACCTTGT_S12_R1_001.fastq.gz,10.21.19,J.PLAGGENBERG,11,11,CCATCAT,SIC_Index06,GACCTT,E7760,no,10.21.19,J.PLAGGENBERG,11,E7760,No,10.11.19,A.BOODRAM,11,NEBNextPoly(A)E7490,E7760,No,random,10.10.19,J.PLAGGENBERG,11,DirectZol,no,Y,straight,Y,"NA",ZEV_induction_30min_delay,NA,NA,CBF1,SCGal,30,EtoH,90,5,sequence/run_4027_samplesBrent_C11_GTAC_11_SIC_Index06_CCATCAT_GACCTTGT_S12_R1_001.fastq.gz,sequence/run_4027_samplesBrent_C11_GTAC_11_SIC_Index06_CCATCAT_GACCTTGT_S12_R1_001_read_count.tsv
10.22.19,J.PLAGGENBERG,11,4027,NA,NextSeq,MidOutput,fullRNASeq,6.38,1.256,2118610,Brent_C11_GTAC_11_SIC_Index06_CCATCAT_GACCTTGT_S12_R1_001.fastq.gz,10.21.19,J.PLAGGENBERG,11,11,CCATCAT,SIC_Index06,GACCTT,E7760,no,10.21.19,J.PLAGGENBERG,11,E7760,No,10.11.19,A.BOODRAM,11,NEBNextPoly(A)E7490,E7760,No,random,10.10.19,J.PLAGGENBERG,11,DirectZol,no,Y,straight,Y,"NA",ZEV_induction,NA,NA,GCN4,SCGal,30,Estradiol,15,1,sequence/run_4027_samplesBrent_C11_GTAC_11_SIC_Index06_CCATCAT_GACCTTGT_S12_R1_001.fastq.gz,sequence/run_4027_samplesBrent_C11_GTAC_11_SIC_Index06_CCATCAT_GACCTTGT_S12_R1_001_read_count.tsv
