"","s2cDNADate","s2cDNAPreparer","s2cDNASampleNumber","libraryDate","libraryPreparer","librarySampleNumber","index1Name","index1Sequence","index2Name","index2Sequence","libraryProtocol","roboticLibraryPrep"
"1","05.31.19","J.PLAGGENBERG",1,"06.03.2019","J.PLAGGENBERG",1,1,"TGAGGTT","SIC_Index2_10","GCTTCT","E7760","no"
"2","05.31.19","J.PLAGGENBERG",2,"06.03.2019","J.PLAGGENBERG",2,2,"GCTTAGA","SIC_Index2_10","GCTTCT","E7760","no"
"3","05.31.19","J.PLAGGENBERG",3,"06.03.2019","J.PLAGGENBERG",3,3,"ATGACAG","SIC_Index2_10","GCTTCT","E7760","no"
"4","05.31.19","J.PLAGGENBERG",4,"06.03.2019","J.PLAGGENBERG",4,4,"CACCTCC","SIC_Index2_10","GCTTCT","E7760","no"
"5","05.31.19","J.PLAGGENBERG",5,"06.03.2019","J.PLAGGENBERG",5,5,"ATCGAGC","SIC_Index2_10","GCTTCT","E7760","no"
"6","05.31.19","J.PLAGGENBERG",6,"06.03.2019","J.PLAGGENBERG",6,6,"TACTCTA","SIC_Index2_10","GCTTCT","E7760","no"
"7","05.31.19","J.PLAGGENBERG",7,"06.03.2019","J.PLAGGENBERG",7,7,"AGACTGA","SIC_Index2_10","GCTTCT","E7760","no"
"8","05.31.19","J.PLAGGENBERG",8,"06.03.2019","J.PLAGGENBERG",8,9,"CCGATTA","SIC_Index2_10","GCTTCT","E7760","no"
"9","05.31.19","J.PLAGGENBERG",9,"06.03.2019","J.PLAGGENBERG",9,10,"GGCAGCG","SIC_Index2_10","GCTTCT","E7760","no"
"10","05.31.19","J.PLAGGENBERG",10,"06.03.2019","J.PLAGGENBERG",10,11,"CCATCAT","SIC_Index2_10","GCTTCT","E7760","no"
"11","05.31.19","J.PLAGGENBERG",11,"06.03.2019","J.PLAGGENBERG",11,12,"TAACAAG","SIC_Index2_10","GCTTCT","E7760","no"
"12","05.31.19","J.PLAGGENBERG",12,"06.03.2019","J.PLAGGENBERG",12,13,"GAGGCGT","SIC_Index2_10","GCTTCT","E7760","no"
"13","05.31.19","J.PLAGGENBERG",13,"06.03.2019","J.PLAGGENBERG",13,14,"TTTAACT","SIC_Index2_10","GCTTCT","E7760","no"
"14","05.31.19","J.PLAGGENBERG",14,"06.03.2019","J.PLAGGENBERG",14,15,"GGTCCTC","SIC_Index2_10","GCTTCT","E7760","no"
"15","05.31.19","J.PLAGGENBERG",15,"06.03.2019","J.PLAGGENBERG",15,16,"CGGTGGC","SIC_Index2_10","GCTTCT","E7760","no"
"16","05.31.19","J.PLAGGENBERG",16,"06.03.2019","J.PLAGGENBERG",16,17,"ACTGTCG","SIC_Index2_10","GCTTCT","E7760","no"
"17","05.31.19","J.PLAGGENBERG",17,"06.03.2019","J.PLAGGENBERG",17,18,"GTATTTG","SIC_Index2_10","GCTTCT","E7760","no"
"18","05.31.19","J.PLAGGENBERG",18,"06.03.2019","J.PLAGGENBERG",18,19,"GAGTACG","SIC_Index2_10","GCTTCT","E7760","no"
"19","05.31.19","J.PLAGGENBERG",19,"06.03.2019","J.PLAGGENBERG",19,20,"ACAGATA","SIC_Index2_10","GCTTCT","E7760","no"
"20","05.31.19","J.PLAGGENBERG",20,"06.03.2019","J.PLAGGENBERG",20,21,"CTCAATG","SIC_Index2_10","GCTTCT","E7760","no"
"21","05.31.19","J.PLAGGENBERG",21,"06.03.2019","J.PLAGGENBERG",21,22,"AAATGCA","SIC_Index2_10","GCTTCT","E7760","no"
"22","05.31.19","J.PLAGGENBERG",22,"06.03.2019","J.PLAGGENBERG",22,23,"ACGCGGG","SIC_Index2_10","GCTTCT","E7760","no"
"23","05.31.19","J.PLAGGENBERG",23,"06.03.2019","J.PLAGGENBERG",23,24,"GGAGTCC","SIC_Index2_10","GCTTCT","E7760","no"
"24","05.31.19","J.PLAGGENBERG",24,"06.03.2019","J.PLAGGENBERG",24,25,"CGTCGCT","SIC_Index2_10","GCTTCT","E7760","no"
"25","05.31.19","J.PLAGGENBERG",25,"06.03.2019","J.PLAGGENBERG",25,26,"TCAACTG","SIC_Index2_10","GCTTCT","E7760","no"
"26","05.31.19","J.PLAGGENBERG",26,"06.03.2019","J.PLAGGENBERG",26,27,"TGTTTGT","SIC_Index2_10","GCTTCT","E7760","no"
"27","05.31.19","J.PLAGGENBERG",27,"06.03.2019","J.PLAGGENBERG",27,37,"TTTTGTC","SIC_Index2_10","GCTTCT","E7760","no"
"28","05.31.19","J.PLAGGENBERG",28,"06.03.2019","J.PLAGGENBERG",28,38,"ACCCACT","SIC_Index2_10","GCTTCT","E7760","no"
"29","05.31.19","J.PLAGGENBERG",29,"06.03.2019","J.PLAGGENBERG",29,39,"CCGGACC","SIC_Index2_10","GCTTCT","E7760","no"
"30","05.31.19","J.PLAGGENBERG",30,"06.03.2019","J.PLAGGENBERG",30,40,"GTACGGC","SIC_Index2_10","GCTTCT","E7760","no"
"31","05.31.19","J.PLAGGENBERG",31,"06.03.2019","J.PLAGGENBERG",31,41,"TTGCCCC","SIC_Index2_10","GCTTCT","E7760","no"
"32","05.31.19","J.PLAGGENBERG",32,"06.03.2019","J.PLAGGENBERG",32,42,"ACTCCAA","SIC_Index2_10","GCTTCT","E7760","no"
"33","05.31.19","J.PLAGGENBERG",33,"06.03.2019","J.PLAGGENBERG",33,43,"TGTGCCA","SIC_Index2_10","GCTTCT","E7760","no"
"34","05.31.19","J.PLAGGENBERG",34,"06.03.2019","J.PLAGGENBERG",34,44,"AACGGAG","SIC_Index2_10","GCTTCT","E7760","no"
"35","05.31.19","J.PLAGGENBERG",35,"06.03.2019","J.PLAGGENBERG",35,45,"GATAGTT","SIC_Index2_10","GCTTCT","E7760","no"
"36","05.31.19","J.PLAGGENBERG",36,"06.03.2019","J.PLAGGENBERG",36,46,"GGTGAAT","SIC_Index2_10","GCTTCT","E7760","no"
"37","06.14.19","J.PLAGGENBERG",1,"06.17.2019","J.PLAGGENBERG",1,47,"ATGTTCT","SIC_Index2_06","GACCTT","E7760","no"
"38","06.14.19","J.PLAGGENBERG",2,"06.17.2019","J.PLAGGENBERG",2,48,"GTAAAAA","SIC_Index2_06","GACCTT","E7760","no"
"39","06.14.19","J.PLAGGENBERG",3,"06.17.2019","J.PLAGGENBERG",3,49,"GTCTGAT","SIC_Index2_06","GACCTT","E7760","no"
"40","06.14.19","J.PLAGGENBERG",4,"06.17.2019","J.PLAGGENBERG",4,50,"CAATATC","SIC_Index2_06","GACCTT","E7760","no"
"41","06.14.19","J.PLAGGENBERG",5,"06.17.2019","J.PLAGGENBERG",5,51,"CTCCCGA","SIC_Index2_06","GACCTT","E7760","no"
"42","06.14.19","J.PLAGGENBERG",6,"06.17.2019","J.PLAGGENBERG",6,52,"GCCGTTT","SIC_Index2_06","GACCTT","E7760","no"
"43","06.14.19","J.PLAGGENBERG",7,"06.17.2019","J.PLAGGENBERG",7,53,"TAGGTAA","SIC_Index2_06","GACCTT","E7760","no"
"44","06.14.19","J.PLAGGENBERG",8,"06.17.2019","J.PLAGGENBERG",8,54,"TCGAGAT","SIC_Index2_06","GACCTT","E7760","no"
"45","06.14.19","J.PLAGGENBERG",9,"06.17.2019","J.PLAGGENBERG",9,55,"CATTTAG","SIC_Index2_06","GACCTT","E7760","no"
"46","06.14.19","J.PLAGGENBERG",10,"06.17.2019","J.PLAGGENBERG",10,56,"TCCGGGA","SIC_Index2_06","GACCTT","E7760","no"
"47","06.14.19","J.PLAGGENBERG",11,"06.17.2019","J.PLAGGENBERG",11,57,"CGAAAGT","SIC_Index2_06","GACCTT","E7760","no"
"48","06.14.19","J.PLAGGENBERG",12,"06.17.2019","J.PLAGGENBERG",12,58,"GCCTCCC","SIC_Index2_06","GACCTT","E7760","no"
"49","06.14.19","J.PLAGGENBERG",13,"06.17.2019","J.PLAGGENBERG",13,59,"AGTTATG","SIC_Index2_06","GACCTT","E7760","no"
"50","06.14.19","J.PLAGGENBERG",14,"06.17.2019","J.PLAGGENBERG",14,60,"CTGCAAT","SIC_Index2_06","GACCTT","E7760","no"
"51","06.14.19","J.PLAGGENBERG",15,"06.17.2019","J.PLAGGENBERG",15,61,"CAAGCCG","SIC_Index2_06","GACCTT","E7760","no"
"52","06.14.19","J.PLAGGENBERG",16,"06.17.2019","J.PLAGGENBERG",16,62,"GGGTCAA","SIC_Index2_06","GACCTT","E7760","no"
"53","06.14.19","J.PLAGGENBERG",17,"06.17.2019","J.PLAGGENBERG",17,63,"GCAACGC","SIC_Index2_06","GACCTT","E7760","no"
"54","06.14.19","J.PLAGGENBERG",18,"06.17.2019","J.PLAGGENBERG",18,64,"TGATTAC","SIC_Index2_06","GACCTT","E7760","no"
"55","06.14.19","J.PLAGGENBERG",19,"06.17.2019","J.PLAGGENBERG",19,65,"TGCTGGG","SIC_Index2_06","GACCTT","E7760","no"
"56","06.14.19","J.PLAGGENBERG",20,"06.17.2019","J.PLAGGENBERG",20,66,"GACACAG","SIC_Index2_06","GACCTT","E7760","no"
"57","06.14.19","J.PLAGGENBERG",21,"06.17.2019","J.PLAGGENBERG",21,1,"TGAGGTT","SIC_Index2_06","GACCTT","E7760","no"
"58","06.14.19","J.PLAGGENBERG",22,"06.17.2019","J.PLAGGENBERG",22,2,"GCTTAGA","SIC_Index2_06","GACCTT","E7760","no"
"59","06.14.19","J.PLAGGENBERG",23,"06.17.2019","J.PLAGGENBERG",23,3,"ATGACAG","SIC_Index2_06","GACCTT","E7760","no"
"60","06.14.19","J.PLAGGENBERG",24,"06.17.2019","J.PLAGGENBERG",24,4,"CACCTCC","SIC_Index2_06","GACCTT","E7760","no"
"61","06.14.19","J.PLAGGENBERG",25,"06.17.2019","J.PLAGGENBERG",25,5,"ATCGAGC","SIC_Index2_06","GACCTT","E7760","no"
"62","06.14.19","J.PLAGGENBERG",26,"06.17.2019","J.PLAGGENBERG",26,6,"TACTCTA","SIC_Index2_06","GACCTT","E7760","no"
"63","06.14.19","J.PLAGGENBERG",27,"06.17.2019","J.PLAGGENBERG",27,7,"AGACTGA","SIC_Index2_06","GACCTT","E7760","no"
"64","06.14.19","J.PLAGGENBERG",28,"06.17.2019","J.PLAGGENBERG",28,9,"CCGATTA","SIC_Index2_06","GACCTT","E7760","no"
"65","06.14.19","J.PLAGGENBERG",29,"06.17.2019","J.PLAGGENBERG",29,10,"GGCAGCG","SIC_Index2_06","GACCTT","E7760","no"
"66","06.14.19","J.PLAGGENBERG",30,"06.17.2019","J.PLAGGENBERG",30,11,"CCATCAT","SIC_Index2_06","GACCTT","E7760","no"
"67","06.14.19","J.PLAGGENBERG",31,"06.17.2019","J.PLAGGENBERG",31,12,"TAACAAG","SIC_Index2_06","GACCTT","E7760","no"
"68","06.14.19","J.PLAGGENBERG",32,"06.17.2019","J.PLAGGENBERG",32,13,"GAGGCGT","SIC_Index2_06","GACCTT","E7760","no"
"69","06.14.19","J.PLAGGENBERG",33,"06.17.2019","J.PLAGGENBERG",33,14,"TTTAACT","SIC_Index2_06","GACCTT","E7760","no"
"70","06.14.19","J.PLAGGENBERG",34,"06.17.2019","J.PLAGGENBERG",34,15,"GGTCCTC","SIC_Index2_06","GACCTT","E7760","no"
"71","06.14.19","J.PLAGGENBERG",35,"06.17.2019","J.PLAGGENBERG",35,16,"CGGTGGC","SIC_Index2_06","GACCTT","E7760","no"
"72","06.14.19","J.PLAGGENBERG",36,"06.17.2019","J.PLAGGENBERG",36,17,"ACTGTCG","SIC_Index2_06","GACCTT","E7760","no"
"73","06.26.19","J.PLAGGENBERG",1,"07.01.19","J.PLAGGENBERG",1,1,"TGAGGTT","SIC_Index_07","GAGTTG","E7760","no"
"74","06.26.19","J.PLAGGENBERG",2,"07.01.19","J.PLAGGENBERG",2,2,"GCTTAGA","SIC_Index_07","GAGTTG","E7760","no"
"75","06.26.19","J.PLAGGENBERG",3,"07.01.19","J.PLAGGENBERG",3,3,"ATGACAG","SIC_Index_07","GAGTTG","E7760","no"
"76","06.26.19","J.PLAGGENBERG",4,"07.01.19","J.PLAGGENBERG",4,4,"CACCTCC","SIC_Index_07","GAGTTG","E7760","no"
"77","06.26.19","J.PLAGGENBERG",5,"07.01.19","J.PLAGGENBERG",5,5,"ATCGAGC","SIC_Index_07","GAGTTG","E7760","no"
"78","06.26.19","J.PLAGGENBERG",6,"07.01.19","J.PLAGGENBERG",6,6,"TACTCTA","SIC_Index_07","GAGTTG","E7760","no"
"79","06.26.19","H.BROWN",25,"07.01.19","H.BROWN",25,25,"CGTCGCT","SIC_Index_07","GAGTTG","E7760","no"
"80","06.26.19","H.BROWN",26,"07.01.19","H.BROWN",26,26,"TCAACTG","SIC_Index_07","GAGTTG","E7760","no"
"81","06.26.19","H.BROWN",27,"07.01.19","H.BROWN",27,27,"TGTTTGT","SIC_Index_07","GAGTTG","E7760","no"
"82","06.26.19","H.BROWN",28,"07.01.19","H.BROWN",28,28,"TACATGG","SIC_Index_07","GAGTTG","E7760","no"
"83","06.26.19","H.BROWN",29,"07.01.19","H.BROWN",29,29,"GTTCTCA","SIC_Index_07","GAGTTG","E7760","no"
"84","06.26.19","H.BROWN",30,"07.01.19","H.BROWN",30,30,"CTGGTGG","SIC_Index_07","GAGTTG","E7760","no"
"85","06.26.19","J.PLAGGENBERG",7,"07.01.19","J.PLAGGENBERG",7,7,"AGACTGA","SIC_Index_07","GAGTTG","E7760","no"
"86","06.26.19","J.PLAGGENBERG",8,"07.01.19","J.PLAGGENBERG",8,8,"CTTGGAA","SIC_Index_07","GAGTTG","E7760","no"
"87","06.26.19","J.PLAGGENBERG",9,"07.01.19","J.PLAGGENBERG",9,9,"CCGATTA","SIC_Index_07","GAGTTG","E7760","no"
"88","06.26.19","J.PLAGGENBERG",10,"07.01.19","J.PLAGGENBERG",10,10,"GGCAGCG","SIC_Index_07","GAGTTG","E7760","no"
"89","06.26.19","J.PLAGGENBERG",11,"07.01.19","J.PLAGGENBERG",11,11,"CCATCAT","SIC_Index_07","GAGTTG","E7760","no"
"90","06.26.19","J.PLAGGENBERG",12,"07.01.19","J.PLAGGENBERG",12,12,"TAACAAG","SIC_Index_07","GAGTTG","E7760","no"
"91","06.26.19","H.BROWN",31,"07.01.19","H.BROWN",31,31,"TGCCCAT","SIC_Index_07","GAGTTG","E7760","no"
"92","06.26.19","H.BROWN",32,"07.01.19","H.BROWN",32,32,"AAACCTT","SIC_Index_07","GAGTTG","E7760","no"
"93","06.26.19","H.BROWN",33,"07.01.19","H.BROWN",33,33,"ACCATAC","SIC_Index_07","GAGTTG","E7760","no"
"94","06.26.19","H.BROWN",34,"07.01.19","H.BROWN",34,34,"AATACGC","SIC_Index_07","GAGTTG","E7760","no"
"95","06.26.19","H.BROWN",35,"07.01.19","H.BROWN",35,35,"CGCTACA","SIC_Index_07","GAGTTG","E7760","no"
"96","06.26.19","H.BROWN",36,"07.01.19","H.BROWN",36,36,"TGGCATA","SIC_Index_07","GAGTTG","E7760","no"
"97","06.26.19","J.PLAGGENBERG",13,"07.01.19","J.PLAGGENBERG",13,13,"GAGGCGT","SIC_Index_07","GAGTTG","E7760","no"
"98","06.26.19","J.PLAGGENBERG",14,"07.01.19","J.PLAGGENBERG",14,14,"TTTAACT","SIC_Index_07","GAGTTG","E7760","no"
"99","06.26.19","J.PLAGGENBERG",15,"07.01.19","J.PLAGGENBERG",15,15,"GGTCCTC","SIC_Index_07","GAGTTG","E7760","no"
"100","06.26.19","J.PLAGGENBERG",16,"07.01.19","J.PLAGGENBERG",16,16,"CGGTGGC","SIC_Index_07","GAGTTG","E7760","no"
"101","06.26.19","J.PLAGGENBERG",17,"07.01.19","J.PLAGGENBERG",17,17,"ACTGTCG","SIC_Index_07","GAGTTG","E7760","no"
"102","06.26.19","J.PLAGGENBERG",18,"07.01.19","J.PLAGGENBERG",18,18,"GTATTTG","SIC_Index_07","GAGTTG","E7760","no"
"103","06.26.19","H.BROWN",37,"07.01.19","H.BROWN",37,37,"TTTTGTC","SIC_Index_07","GAGTTG","E7760","no"
"104","06.26.19","H.BROWN",38,"07.01.19","H.BROWN",38,38,"ACCCACT","SIC_Index_07","GAGTTG","E7760","no"
"105","06.26.19","H.BROWN",39,"07.01.19","H.BROWN",39,39,"CCGGACC","SIC_Index_07","GAGTTG","E7760","no"
"106","06.26.19","H.BROWN",40,"07.01.19","H.BROWN",40,40,"GTACGGC","SIC_Index_07","GAGTTG","E7760","no"
"107","06.26.19","H.BROWN",41,"07.01.19","H.BROWN",41,41,"TTGCCCC","SIC_Index_07","GAGTTG","E7760","no"
"108","06.26.19","H.BROWN",42,"07.01.19","H.BROWN",42,42,"ACTCCAA","SIC_Index_07","GAGTTG","E7760","no"
"109","06.26.19","J.PLAGGENBERG",19,"07.01.19","J.PLAGGENBERG",19,19,"GAGTACG","SIC_Index_07","GAGTTG","E7760","no"
"110","06.26.19","J.PLAGGENBERG",20,"07.01.19","J.PLAGGENBERG",20,20,"ACAGATA","SIC_Index_07","GAGTTG","E7760","no"
"111","06.26.19","J.PLAGGENBERG",21,"07.01.19","J.PLAGGENBERG",21,21,"CTCAATG","SIC_Index_07","GAGTTG","E7760","no"
"112","06.26.19","J.PLAGGENBERG",22,"07.01.19","J.PLAGGENBERG",22,22,"AAATGCA","SIC_Index_07","GAGTTG","E7760","no"
"113","06.26.19","J.PLAGGENBERG",23,"07.01.19","J.PLAGGENBERG",23,23,"ACGCGGG","SIC_Index_07","GAGTTG","E7760","no"
"114","06.26.19","J.PLAGGENBERG",24,"07.01.19","J.PLAGGENBERG",24,24,"GGAGTCC","SIC_Index_07","GAGTTG","E7760","no"
"115","06.26.19","H.BROWN",43,"07.01.19","H.BROWN",43,43,"TGTGCCA","SIC_Index_07","GAGTTG","E7760","no"
"116","06.26.19","H.BROWN",44,"07.01.19","H.BROWN",44,44,"AACGGAG","SIC_Index_07","GAGTTG","E7760","no"
"117","06.26.19","H.BROWN",45,"07.01.19","H.BROWN",45,45,"GATAGTT","SIC_Index_07","GAGTTG","E7760","no"
"118","06.26.19","H.BROWN",46,"07.01.19","H.BROWN",46,46,"GGTGAAT","SIC_Index_07","GAGTTG","E7760","no"
"119","06.26.19","H.BROWN",47,"07.01.19","H.BROWN",47,47,"ATGTTCT","SIC_Index_07","GAGTTG","E7760","no"
"120","06.26.19","H.BROWN",48,"07.01.19","H.BROWN",48,48,"GTAAAAA","SIC_Index_07","GAGTTG","E7760","no"
