genotype,strain,inductionDelay,libraryDate,harvestDate,replicate,runNumber,index1Sequence,index2Sequence,fastqFileName,timePoint,floodmedia,ST_PIPE,ST_TOTAL_READS,ST_ALIGN_PCT,ST_MUT_FOW,ST_RC_FOM,ST_COV_MED,AUTO_AUDIT,MANUAL_AUDIT,USER,NOTE
CBF1,NA,15,08.26.19,07.24.19,1,3853,TGAGGTT,GACCTT,Brent_10_GTAC_10_SIC_Index_06_GGCAGCG_GACCTTGT_S23_L001_R1_001.fastq.gz,-1,SCGal,,,,,,,,,,
CBF1,NA,15,08.26.19,07.24.19,1,3853,GCTTAGA,GACCTT,Brent_11_GTAC_11_SIC_Index_06_CCATCAT_GACCTTGT_S24_L001_R1_001.fastq.gz,-1,SCGal,,,,,,,,,,
CBF1,NA,15,08.26.19,07.24.19,1,3853,ATGACAG,GACCTT,Brent_12_GTAC_12_SIC_Index_06_TAACAAG_GACCTTGT_S25_L001_R1_001.fastq.gz,15,SCGal,,,,,,,,,,
CBF1,NA,15,08.26.19,07.24.19,1,3853,CACCTCC,GACCTT,Brent_13_GTAC_13_SIC_Index_06_GAGGCGT_GACCTTGT_S26_L001_R1_001.fastq.gz,15,SCGal,,,,,,,,,,
CBF1,NA,15,08.26.19,07.24.19,1,3853,ATCGAGC,GACCTT,Brent_14_GTAC_14_SIC_Index_06_TTTAACT_GACCTTGT_S27_L001_R1_001.fastq.gz,90,SCGal,,,,,,,,,,
CBF1,NA,15,08.26.19,07.24.19,1,3853,TACTCTA,GACCTT,Brent_15_GTAC_15_SIC_Index_06_GGTCCTC_GACCTTGT_S28_L001_R1_001.fastq.gz,90,SCGal,,,,,,,,,,
CBF1,NA,15,08.26.19,08.09.19,2,3853,AGACTGA,GACCTT,Brent_16_GTAC_16_SIC_Index_06_CGGTGGC_GACCTTGT_S29_L001_R1_001.fastq.gz,-1,SCGal,,,,,,,,,,
CBF1,NA,15,08.26.19,08.09.19,2,3853,CTTGGAA,GACCTT,Brent_17_GTAC_18_SIC_Index_06_GTATTTG_GACCTTGT_S30_L001_R1_001.fastq.gz,-1,SCGal,,,,,,,,,,
CBF1,NA,15,08.26.19,08.09.19,2,3853,CCGATTA,GACCTT,Brent_18_GTAC_17_SIC_Index_06_ACTGTCG_GACCTTGT_S31_L001_R1_001.fastq.gz,15,SCGal,,,,,,,,,,
CBF1,NA,15,08.26.19,08.09.19,2,3853,GGCAGCG,GACCTT,Brent_1_GTAC_1_SIC_Index_06_TGAGGTT_GACCTTGT_S14_L001_R1_001.fastq.gz,15,SCGal,,,,,,,,,,
CBF1,NA,15,08.26.19,08.09.19,2,3853,CCATCAT,GACCTT,Brent_2_GTAC_2_SIC_Index_06_GCTTAGA_GACCTTGT_S15_L001_R1_001.fastq.gz,90,SCGal,,,,,,,,,,
CBF1,NA,15,08.26.19,08.09.19,2,3853,TAACAAG,GACCTT,Brent_3_GTAC_3_SIC_Index_06_ATGACAG_GACCTTGT_S16_L001_R1_001.fastq.gz,90,SCGal,,,,,,,,,,
CBF1,NA,15,08.26.19,08.12.19,3,3853,GAGGCGT,GACCTT,Brent_4_GTAC_4_SIC_Index_06_CACCTCC_GACCTTGT_S17_L001_R1_001.fastq.gz,-1,SCGal,,,,,,,,,,
CBF1,NA,15,08.26.19,08.12.19,3,3853,TTTAACT,GACCTT,Brent_5_GTAC_5_SIC_Index_06_ATCGAGC_GACCTTGT_S18_L001_R1_001.fastq.gz,-1,SCGal,,,,,,,,,,
CBF1,NA,15,08.26.19,08.12.19,3,3853,GGTCCTC,GACCTT,Brent_6_GTAC_6_SIC_Index_06_TACTCTA_GACCTTGT_S19_L001_R1_001.fastq.gz,15,SCGal,,,,,,,,,,
CBF1,NA,15,08.26.19,08.12.19,3,3853,CGGTGGC,GACCTT,Brent_7_GTAC_7_SIC_Index_06_AGACTGA_GACCTTGT_S20_L001_R1_001.fastq.gz,15,SCGal,,,,,,,,,,
CBF1,NA,15,08.26.19,08.12.19,3,3853,GTATTTG,GACCTT,Brent_8_GTAC_8_SIC_Index_06_CTTGGAA_GACCTTGT_S21_L001_R1_001.fastq.gz,90,SCGal,,,,,,,,,,
CBF1,NA,15,08.26.19,08.12.19,3,3853,ACTGTCG,GACCTT,Brent_9_GTAC_9_SIC_Index_06_CCGATTA_GACCTTGT_S22_L001_R1_001.fastq.gz,90,SCGal,,,,,,,,,,
CBF1,NA,30,11.01.19,10.10.19,4,4010,GAGGCGT,GACCTT,Brent_1_GTAC_13_SIC_Index06_GAGGCGT_GACCTTGT_S15_L001_R1_001.fastq.gz,-1,SCGal,,,,,,,,,,
GCN4,NA,30,11.01.19,10.10.19,1,4010,GAGGCGT,GACCTT,Brent_1_GTAC_13_SIC_Index06_GAGGCGT_GACCTTGT_S15_L001_R1_001.fastq.gz,-1,SCGal,,,,,,,,,,
CBF1,NA,30,11.01.19,10.10.19,4,4010,TTTAACT,GACCTT,Brent_2_GTAC_14_SIC_Index06_TTTAACT_GACCTTGT_S16_L001_R1_001.fastq.gz,-1,SCGal,,,,,,,,,,
TYE7,NA,30,11.01.19,10.10.19,1,4010,TTTAACT,GACCTT,Brent_2_GTAC_14_SIC_Index06_TTTAACT_GACCTTGT_S16_L001_R1_001.fastq.gz,-1,SCGal,,,,,,,,,,
CBF1,NA,30,11.01.19,10.10.19,4,4010,GGTCCTC,GACCTT,Brent_3_GTAC_15_SIC_Index06_GGTCCTC_GACCTTGT_S17_L001_R1_001.fastq.gz,15,SCGal,,,,,,,,,,
GCN4,NA,30,11.01.19,10.10.19,1,4010,GGTCCTC,GACCTT,Brent_3_GTAC_15_SIC_Index06_GGTCCTC_GACCTTGT_S17_L001_R1_001.fastq.gz,-1,SCGal,,,,,,,,,,
CBF1,NA,30,11.01.19,10.10.19,4,4010,CGGTGGC,GACCTT,Brent_4_GTAC_16_SIC_Index06_CGGTGGC_GACCTTGT_S18_L001_R1_001.fastq.gz,15,SCGal,,,,,,,,,,
TYE7,NA,30,11.01.19,10.10.19,1,4010,CGGTGGC,GACCTT,Brent_4_GTAC_16_SIC_Index06_CGGTGGC_GACCTTGT_S18_L001_R1_001.fastq.gz,-1,SCGal,,,,,,,,,,
CBF1,NA,30,11.01.19,10.10.19,4,4010,ACTGTCG,GACCTT,Brent_5_GTAC_17_SIC_Index06_ACTGTCG_GACCTTGT_S19_L001_R1_001.fastq.gz,90,SCGal,,,,,,,,,,
GCN4,NA,30,11.01.19,10.10.19,1,4010,ACTGTCG,GACCTT,Brent_5_GTAC_17_SIC_Index06_ACTGTCG_GACCTTGT_S19_L001_R1_001.fastq.gz,10,SCGal,,,,,,,,,,
CBF1,NA,30,11.01.19,10.10.19,4,4010,GTATTTG,GACCTT,Brent_6_GTAC_18_SIC_Index06_GTATTTG_GACCTTGT_S20_L001_R1_001.fastq.gz,90,SCGal,,,,,,,,,,
TYE7,NA,30,11.01.19,10.10.19,1,4010,GTATTTG,GACCTT,Brent_6_GTAC_18_SIC_Index06_GTATTTG_GACCTTGT_S20_L001_R1_001.fastq.gz,10,SCGal,,,,,,,,,,
CBF1,NA,30,11.01.19,10.10.19,5,4010,GAGTACG,GACCTT,Brent_7_GTAC_19_SIC_Index06_GAGTACG_GACCTTGT_S21_L001_R1_001.fastq.gz,-1,SCGal,,,,,,,,,,
GCN4,NA,30,11.01.19,10.10.19,1,4010,GAGTACG,GACCTT,Brent_7_GTAC_19_SIC_Index06_GAGTACG_GACCTTGT_S21_L001_R1_001.fastq.gz,10,SCGal,,,,,,,,,,
CBF1,NA,30,11.01.19,10.10.19,5,4010,ACAGATA,GACCTT,Brent_8_GTAC_20_SIC_Index06_ACAGATA_GACCTTGT_S22_L001_R1_001.fastq.gz,-1,SCGal,,,,,,,,,,
TYE7,NA,30,11.01.19,10.10.19,1,4010,ACAGATA,GACCTT,Brent_8_GTAC_20_SIC_Index06_ACAGATA_GACCTTGT_S22_L001_R1_001.fastq.gz,10,SCGal,,,,,,,,,,
CBF1,NA,30,11.01.19,10.10.19,5,4010,CTCAATG,GACCTT,Brent_9_GTAC_21_SIC_Index06_CTCAATG_GACCTTGT_S23_L001_R1_001.fastq.gz,15,SCGal,,,,,,,,,,
GCN4,NA,30,11.01.19,10.10.19,1,4010,CTCAATG,GACCTT,Brent_9_GTAC_21_SIC_Index06_CTCAATG_GACCTTGT_S23_L001_R1_001.fastq.gz,15,SCGal,,,,,,,,,,
CBF1,NA,30,11.01.19,10.10.19,5,4010,AAATGCA,GACCTT,Brent_10_GTAC_22_SIC_Index06_AAATGCA_GACCTTGT_S24_L001_R1_001.fastq.gz,15,SCGal,,,,,,,,,,
TYE7,NA,30,11.01.19,10.10.19,1,4010,AAATGCA,GACCTT,Brent_10_GTAC_22_SIC_Index06_AAATGCA_GACCTTGT_S24_L001_R1_001.fastq.gz,15,SCGal,,,,,,,,,,
CBF1,NA,30,11.01.19,10.10.19,5,4010,ACGCGGG,GACCTT,Brent_11_GTAC_23_SIC_Index06_ACGCGGG_GACCTTGT_S25_L001_R1_001.fastq.gz,90,SCGal,,,,,,,,,,
GCN4,NA,30,11.01.19,10.10.19,1,4010,ACGCGGG,GACCTT,Brent_11_GTAC_23_SIC_Index06_ACGCGGG_GACCTTGT_S25_L001_R1_001.fastq.gz,15,SCGal,,,,,,,,,,
CBF1,NA,30,11.01.19,10.10.19,5,4010,GGAGTCC,GACCTT,Brent_12_GTAC_24_SIC_Index06_GGAGTCC_GACCTTGT_S26_L001_R1_001.fastq.gz,90,SCGal,,,,,,,,,,
TYE7,NA,30,11.01.19,10.10.19,1,4010,GGAGTCC,GACCTT,Brent_12_GTAC_24_SIC_Index06_GGAGTCC_GACCTTGT_S26_L001_R1_001.fastq.gz,15,SCGal,,,,,,,,,,
GCN4,NA,30,11.01.19,10.10.19,1,4010,CGTCGCT,GACCTT,Brent_13_GTAC_25_SIC_Index06_CGTCGCT_GACCTTGT_S27_L001_R1_001.fastq.gz,20,SCGal,,,,,,,,,,
TYE7,NA,30,11.01.19,10.10.19,1,4010,TCAACTG,GACCTT,Brent_14_GTAC_26_SIC_Index06_TCAACTG_GACCTTGT_S28_L001_R1_001.fastq.gz,20,SCGal,,,,,,,,,,
GCN4,NA,30,11.01.19,10.10.19,1,4010,TGTTTGT,GACCTT,Brent_15_GTAC_27_SIC_Index06_TGTTTGT_GACCTTGT_S29_L001_R1_001.fastq.gz,20,SCGal,,,,,,,,,,
TYE7,NA,30,11.01.19,10.10.19,1,4010,TACATGG,GACCTT,Brent_16_GTAC_28_SIC_Index06_TACATGG_GACCTTGT_S30_L001_R1_001.fastq.gz,20,SCGal,,,,,,,,,,
GCN4,NA,30,11.01.19,10.10.19,1,4010,GTTCTCA,GACCTT,Brent_17_GTAC_29_SIC_Index06_GTTCTCA_GACCTTGT_S31_L001_R1_001.fastq.gz,90,SCGal,,,,,,,,,,
TYE7,NA,30,11.01.19,10.10.19,1,4010,CTGGTGG,GACCTT,Brent_18_GTAC_30_SIC_Index06_CTGGTGG_GACCTTGT_S32_L001_R1_001.fastq.gz,90,SCGal,,,,,,,,,,
GCN4,NA,30,11.01.19,10.10.19,1,4010,TGCCCAT,GACCTT,Brent_19_GTAC_31_SIC_Index06_TGCCCAT_GACCTTGT_S33_L001_R1_001.fastq.gz,90,SCGal,,,,,,,,,,
TYE7,NA,30,11.01.19,10.10.19,1,4010,AAACCTT,GACCTT,Brent_20_GTAC_32_SIC_Index06_AAACCTT_GACCTTGT_S34_L001_R1_001.fastq.gz,90,SCGal,,,,,,,,,,
GCN4,NA,30,11.01.19,10.11.19,2,4010,ACCATAC,GACCTT,Brent_21_GTAC_33_SIC_Index06_ACCATAC_GACCTTGT_S35_L001_R1_001.fastq.gz,-1,SCGal,,,,,,,,,,
TYE7,NA,30,11.01.19,10.11.19,2,4010,AATACGC,GACCTT,Brent_22_GTAC_34_SIC_Index06_AATACGC_GACCTTGT_S36_L001_R1_001.fastq.gz,-1,SCGal,,,,,,,,,,
GCN4,NA,30,11.01.19,10.11.19,2,4010,CGCTACA,GACCTT,Brent_23_GTAC_35_SIC_Index06_CGCTACA_GACCTTGT_S37_L001_R1_001.fastq.gz,-1,SCGal,,,,,,,,,,
TYE7,NA,30,11.01.19,10.11.19,2,4010,TGGCATA,GACCTT,Brent_24_GTAC_36_SIC_Index06_TGGCATA_GACCTTGT_S38_L001_R1_001.fastq.gz,-1,SCGal,,,,,,,,,,
GCN4,NA,30,11.01.19,10.11.19,2,4010,TTTTGTC,GACCTT,Brent_25_GTAC_37_SIC_Index06_TTTTGTC_GACCTTGT_S39_L001_R1_001.fastq.gz,10,SCGal,,,,,,,,,,
TYE7,NA,30,11.01.19,10.11.19,2,4010,ACCCACT,GACCTT,rent_26_GTAC_38_SIC_Index06_ACCCACT_GACCTTGT_S40_L001_R1_001.fastq.gz,10,SCGal,,,,,,,,,,
GCN4,NA,30,11.01.19,10.11.19,2,4010,CCGGACC,GACCTT,Brent_27_GTAC_39_SIC_Index06_CCGGACC_GACCTTGT_S41_L001_R1_001.fastq.gz,10,SCGal,,,,,,,,,,
TYE7,NA,30,11.01.19,10.11.19,2,4010,GTACGGC,GACCTT,Brent_28_GTAC_40_SIC_Index06_GTACGGC_GACCTTGT_S42_L001_R1_001.fastq.gz,10,SCGal,,,,,,,,,,
GCN4,NA,30,11.01.19,10.11.19,2,4010,TTGCCCC,GACCTT,Brent_29_GTAC_41_SIC_Index06_TTGCCCC_GACCTTGT_S43_L001_R1_001.fastq.gz,15,SCGal,,,,,,,,,,
TYE7,NA,30,11.01.19,10.11.19,2,4010,ACTCCAA,GACCTT,Brent_30_GTAC_42_SIC_Index06_ACTCCAA_GACCTTGT_S44_L001_R1_001.fastq.gz,15,SCGal,,,,,,,,,,
GCN4,NA,30,11.01.19,10.11.19,2,4010,TGTGCCA,GACCTT,Brent_31_GTAC_43_SIC_Index06_TGTGCCA_GACCTTGT_S45_L001_R1_001.fastq.gz,15,SCGal,,,,,,,,,,
TYE7,NA,30,11.01.19,10.11.19,2,4010,AACGGAG,GACCTT,Brent_32_GTAC_44_SIC_Index06_AACGGAG_GACCTTGT_S46_L001_R1_001.fastq.gz,15,SCGal,,,,,,,,,,
GCN4,NA,30,11.01.19,10.11.19,2,4010,GATAGTT,GACCTT,Brent_33_GTAC_45_SIC_Index06_GATAGTT_GACCTTGT_S47_L001_R1_001.fastq.gz,20,SCGal,,,,,,,,,,
TYE7,NA,30,11.01.19,10.11.19,2,4010,GGTGAAT,GACCTT,Brent_34_GTAC_46_SIC_Index06_GGTGAAT_GACCTTGT_S48_L001_R1_001.fastq.gz,20,SCGal,,,,,,,,,,
GCN4,NA,30,11.01.19,10.11.19,2,4010,ATGTTCT,GACCTT,Brent_35_GTAC_47_SIC_Index06_ATGTTCT_GACCTTGT_S49_L001_R1_001.fastq.gz,20,SCGal,,,,,,,,,,
TYE7,NA,30,11.01.19,10.11.19,2,4010,GTAAAAA,GACCTT,Brent_36_GTAC_48_SIC_Index06_GTAAAAA_GACCTTGT_S50_L001_R1_001.fastq.gz,20,SCGal,,,,,,,,,,
GCN4,NA,30,11.01.19,10.11.19,2,4010,GTCTGAT,GACCTT,Brent_37_GTAC_49_SIC_Index06_GTCTGAT_GACCTTGT_S51_L001_R1_001.fastq.gz,90,SCGal,,,,,,,,,,
TYE7,NA,30,11.01.19,10.11.19,2,4010,CAATATC,GACCTT,Brent_38_GTAC_50_SIC_Index06_CAATATC_GACCTTGT_S52_L001_R1_001.fastq.gz,90,SCGal,,,,,,,,,,
GCN4,NA,30,11.01.19,10.11.19,2,4010,CTCCCGA,GACCTT,Brent_39_GTAC_51_SIC_Index06_CTCCCGA_GACCTTGT_S53_L001_R1_001.fastq.gz,90,SCGal,,,,,,,,,,
TYE7,NA,30,11.01.19,10.11.19,2,4010,GCCGTTT,GACCTT,Brent_40_GTAC_52_SIC_Index06_GCCGTTT_GACCTTGT_S54_L001_R1_001.fastq.gz,90,SCGal,,,,,,,,,,
CBF1,NA,30,10.22.19,10.10.19,4,4010,TGAGGTT,GACCTT,Brent_C1_GTAC_1_SIC_Index06_TGAGGTT_GACCTTGT_S3_L001_R1_001.fastq.gz,-1,SCGal,,,,,,,,,,
GCN4,NA,30,10.22.19,10.10.19,1,4010,TGAGGTT,GACCTT,Brent_C1_GTAC_1_SIC_Index06_TGAGGTT_GACCTTGT_S3_L001_R1_001.fastq.gz,-1,SCGal,,,,,,,,,,
CBF1,NA,30,10.22.19,10.10.19,4,4010,GCTTAGA,GACCTT,Brent_C2_GTAC_2_SIC_Index06_GCTTAGA_GACCTTGT_S4_L001_R1_001.fastq.gz,-1,SCGal,,,,,,,,,,
TYE7,NA,30,10.22.19,10.10.19,1,4010,GCTTAGA,GACCTT,Brent_C2_GTAC_2_SIC_Index06_GCTTAGA_GACCTTGT_S4_L001_R1_001.fastq.gz,-1,SCGal,,,,,,,,,,
CBF1,NA,30,10.22.19,10.10.19,4,4010,ATGACAG,GACCTT,Brent_C3_GTAC_3_SIC_Index06_ATGACAG_GACCTTGT_S5_L001_R1_001.fastq.gz,15,SCGal,,,,,,,,,,
GCN4,NA,30,10.22.19,10.10.19,1,4010,ATGACAG,GACCTT,Brent_C3_GTAC_3_SIC_Index06_ATGACAG_GACCTTGT_S5_L001_R1_001.fastq.gz,-1,SCGal,,,,,,,,,,
CBF1,NA,30,10.22.19,10.10.19,4,4010,CACCTCC,GACCTT,Brent_C4_GTAC_4_SIC_Index06_CACCTCC_GACCTTGT_S6_L001_R1_001.fastq.gz,15,SCGal,,,,,,,,,,
TYE7,NA,30,10.22.19,10.10.19,1,4010,CACCTCC,GACCTT,Brent_C4_GTAC_4_SIC_Index06_CACCTCC_GACCTTGT_S6_L001_R1_001.fastq.gz,-1,SCGal,,,,,,,,,,
CBF1,NA,30,10.22.19,10.10.19,4,4010,ATCGAGC,GACCTT,Brent_C5_GTAC_5_SIC_Index06_ATCGAGC_GACCTTGT_S7_L001_R1_001.fastq.gz,90,SCGal,,,,,,,,,,
GCN4,NA,30,10.22.19,10.10.19,1,4010,ATCGAGC,GACCTT,Brent_C5_GTAC_5_SIC_Index06_ATCGAGC_GACCTTGT_S7_L001_R1_001.fastq.gz,10,SCGal,,,,,,,,,,
CBF1,NA,30,10.22.19,10.10.19,4,4010,TACTCTA,GACCTT,Brent_C6_GTAC_6_SIC_Index06_TACTCTA_GACCTTGT_S8_L001_R1_001.fastq.gz,90,SCGal,,,,,,,,,,
TYE7,NA,30,10.22.19,10.10.19,1,4010,TACTCTA,GACCTT,Brent_C6_GTAC_6_SIC_Index06_TACTCTA_GACCTTGT_S8_L001_R1_001.fastq.gz,10,SCGal,,,,,,,,,,
CBF1,NA,30,10.22.19,10.10.19,5,4010,AGACTGA,GACCTT,Brent_C7_GTAC_7_SIC_Index06_AGACTGA_GACCTTGT_S9_L001_R1_001.fastq.gz,-1,SCGal,,,,,,,,,,
GCN4,NA,30,10.22.19,10.10.19,1,4010,AGACTGA,GACCTT,Brent_C7_GTAC_7_SIC_Index06_AGACTGA_GACCTTGT_S9_L001_R1_001.fastq.gz,10,SCGal,,,,,,,,,,
CBF1,NA,30,10.22.19,10.10.19,5,4010,CTTGGAA,GACCTT,Brent_C8_GTAC_8_SIC_Index06_CTTGGAA_GACCTTGT_S10_L001_R1_001.fastq.gz,-1,SCGal,,,,,,,,,,
TYE7,NA,30,10.22.19,10.10.19,1,4010,CTTGGAA,GACCTT,Brent_C8_GTAC_8_SIC_Index06_CTTGGAA_GACCTTGT_S10_L001_R1_001.fastq.gz,10,SCGal,,,,,,,,,,
CBF1,NA,30,10.22.19,10.10.19,5,4010,CCGATTA,GACCTT,Brent_C9_GTAC_9_SIC_Index06_CCGATTA_GACCTTGT_S11_L001_R1_001.fastq.gz,15,SCGal,,,,,,,,,,
GCN4,NA,30,10.22.19,10.10.19,1,4010,CCGATTA,GACCTT,Brent_C9_GTAC_9_SIC_Index06_CCGATTA_GACCTTGT_S11_L001_R1_001.fastq.gz,15,SCGal,,,,,,,,,,
CBF1,NA,30,10.22.19,10.10.19,5,4010,GGCAGCG,GACCTT,Brent_C10_GTAC_10_SIC_Index06_GGCAGCG_GACCTTGT_S12_L001_R1_001.fastq.gz,15,SCGal,,,,,,,,,,
TYE7,NA,30,10.22.19,10.10.19,1,4010,GGCAGCG,GACCTT,Brent_C10_GTAC_10_SIC_Index06_GGCAGCG_GACCTTGT_S12_L001_R1_001.fastq.gz,15,SCGal,,,,,,,,,,
CBF1,NA,30,10.22.19,10.10.19,5,4010,CCATCAT,GACCTT,Brent_C11_GTAC_11_SIC_Index06_CCATCAT_GACCTTGT_S13_L001_R1_001.fastq.gz,90,SCGal,,,,,,,,,,
GCN4,NA,30,10.22.19,10.10.19,1,4010,CCATCAT,GACCTT,Brent_C11_GTAC_11_SIC_Index06_CCATCAT_GACCTTGT_S13_L001_R1_001.fastq.gz,15,SCGal,,,,,,,,,,
CBF1,NA,30,10.22.19,10.10.19,5,4010,TAACAAG,GACCTT,Brent_C12_GTAC_12_SIC_Index06_TAACAAG_GACCTTGT_S14_L001_R1_001.fastq.gz,90,SCGal,,,,,,,,,,
TYE7,NA,30,10.22.19,10.10.19,1,4010,TAACAAG,GACCTT,Brent_C12_GTAC_12_SIC_Index06_TAACAAG_GACCTTGT_S14_L001_R1_001.fastq.gz,15,SCGal,,,,,,,,,,
CBF1,NA,30,11.01.19,10.10.19,4,4027,GAGGCGT,GACCTT,Brent_1_GTAC_13_SIC_Index06_GAGGCGT_GACCTTGT_S14_R1_001.fastq.gz,-1,SCGal,,,,,,,,,,
GCN4,NA,30,11.01.19,10.10.19,1,4027,GAGGCGT,GACCTT,Brent_1_GTAC_13_SIC_Index06_GAGGCGT_GACCTTGT_S14_R1_001.fastq.gz,-1,SCGal,,,,,,,,,,
CBF1,NA,30,11.01.19,10.10.19,4,4027,TTTAACT,GACCTT,Brent_2_GTAC_14_SIC_Index06_TTTAACT_GACCTTGT_S15_R1_001.fastq.gz,-1,SCGal,,,,,,,,,,
TYE7,NA,30,11.01.19,10.10.19,1,4027,TTTAACT,GACCTT,Brent_2_GTAC_14_SIC_Index06_TTTAACT_GACCTTGT_S15_R1_001.fastq.gz,-1,SCGal,,,,,,,,,,
CBF1,NA,30,11.01.19,10.10.19,4,4027,GGTCCTC,GACCTT,Brent_3_GTAC_15_SIC_Index06_GGTCCTC_GACCTTGT_S16_R1_001.fastq.gz,15,SCGal,,,,,,,,,,
GCN4,NA,30,11.01.19,10.10.19,1,4027,GGTCCTC,GACCTT,Brent_3_GTAC_15_SIC_Index06_GGTCCTC_GACCTTGT_S16_R1_001.fastq.gz,-1,SCGal,,,,,,,,,,
CBF1,NA,30,11.01.19,10.10.19,4,4027,CGGTGGC,GACCTT,Brent_4_GTAC_16_SIC_Index06_CGGTGGC_GACCTTGT_S17_R1_001.fastq.gz,15,SCGal,,,,,,,,,,
TYE7,NA,30,11.01.19,10.10.19,1,4027,CGGTGGC,GACCTT,Brent_4_GTAC_16_SIC_Index06_CGGTGGC_GACCTTGT_S17_R1_001.fastq.gz,-1,SCGal,,,,,,,,,,
CBF1,NA,30,11.01.19,10.10.19,4,4027,ACTGTCG,GACCTT,Brent_5_GTAC_17_SIC_Index06_ACTGTCG_GACCTTGT_S18_R1_001.fastq.gz,90,SCGal,,,,,,,,,,
GCN4,NA,30,11.01.19,10.10.19,1,4027,ACTGTCG,GACCTT,Brent_5_GTAC_17_SIC_Index06_ACTGTCG_GACCTTGT_S18_R1_001.fastq.gz,10,SCGal,,,,,,,,,,
CBF1,NA,30,11.01.19,10.10.19,4,4027,GTATTTG,GACCTT,Brent_6_GTAC_18_SIC_Index06_GTATTTG_GACCTTGT_S19_R1_001.fastq.gz,90,SCGal,,,,,,,,,,
TYE7,NA,30,11.01.19,10.10.19,1,4027,GTATTTG,GACCTT,Brent_6_GTAC_18_SIC_Index06_GTATTTG_GACCTTGT_S19_R1_001.fastq.gz,10,SCGal,,,,,,,,,,
CBF1,NA,30,11.01.19,10.10.19,5,4027,GAGTACG,GACCTT,Brent_7_GTAC_19_SIC_Index06_GAGTACG_GACCTTGT_S20_R1_001.fastq.gz,-1,SCGal,,,,,,,,,,
GCN4,NA,30,11.01.19,10.10.19,1,4027,GAGTACG,GACCTT,Brent_7_GTAC_19_SIC_Index06_GAGTACG_GACCTTGT_S20_R1_001.fastq.gz,10,SCGal,,,,,,,,,,
CBF1,NA,30,11.01.19,10.10.19,5,4027,CTCAATG,GACCTT,Brent_9_GTAC_21_SIC_Index06_CTCAATG_GACCTTGT_S22_R1_001.fastq.gz,15,SCGal,,,,,,,,,,
GCN4,NA,30,11.01.19,10.10.19,1,4027,CTCAATG,GACCTT,Brent_9_GTAC_21_SIC_Index06_CTCAATG_GACCTTGT_S22_R1_001.fastq.gz,15,SCGal,,,,,,,,,,
CBF1,NA,30,11.01.19,10.10.19,5,4027,AAATGCA,GACCTT,Brent_10_GTAC_22_SIC_Index06_AAATGCA_GACCTTGT_S23_R1_001.fastq.gz,15,SCGal,,,,,,,,,,
TYE7,NA,30,11.01.19,10.10.19,1,4027,AAATGCA,GACCTT,Brent_10_GTAC_22_SIC_Index06_AAATGCA_GACCTTGT_S23_R1_001.fastq.gz,15,SCGal,,,,,,,,,,
CBF1,NA,30,11.01.19,10.10.19,5,4027,ACGCGGG,GACCTT,Brent_11_GTAC_23_SIC_Index06_ACGCGGG_GACCTTGT_S24_R1_001.fastq.gz,90,SCGal,,,,,,,,,,
GCN4,NA,30,11.01.19,10.10.19,1,4027,ACGCGGG,GACCTT,Brent_11_GTAC_23_SIC_Index06_ACGCGGG_GACCTTGT_S24_R1_001.fastq.gz,15,SCGal,,,,,,,,,,
CBF1,NA,30,11.01.19,10.10.19,5,4027,GGAGTCC,GACCTT,Brent_12_GTAC_24_SIC_Index06_GGAGTCC_GACCTTGT_S25_R1_001.fastq.gz,90,SCGal,,,,,,,,,,
TYE7,NA,30,11.01.19,10.10.19,1,4027,GGAGTCC,GACCTT,Brent_12_GTAC_24_SIC_Index06_GGAGTCC_GACCTTGT_S25_R1_001.fastq.gz,15,SCGal,,,,,,,,,,
GCN4,NA,30,11.01.19,10.10.19,1,4027,CGTCGCT,GACCTT,Brent_13_GTAC_25_SIC_Index06_CGTCGCT_GACCTTGT_S26_R1_001.fastq.gz,20,SCGal,,,,,,,,,,
TYE7,NA,30,11.01.19,10.10.19,1,4027,TCAACTG,GACCTT,Brent_14_GTAC_26_SIC_Index06_TCAACTG_GACCTTGT_S27_R1_001.fastq.gz,20,SCGal,,,,,,,,,,
GCN4,NA,30,11.01.19,10.10.19,1,4027,TGTTTGT,GACCTT,Brent_15_GTAC_27_SIC_Index06_TGTTTGT_GACCTTGT_S28_R1_001.fastq.gz,20,SCGal,,,,,,,,,,
GCN4,NA,30,11.01.19,10.10.19,1,4027,GTTCTCA,GACCTT,Brent_17_GTAC_29_SIC_Index06_GTTCTCA_GACCTTGT_S30_R1_001.fastq.gz,90,SCGal,,,,,,,,,,
TYE7,NA,30,11.01.19,10.10.19,1,4027,CTGGTGG,GACCTT,Brent_18_GTAC_30_SIC_Index06_CTGGTGG_GACCTTGT_S31_R1_001.fastq.gz,90,SCGal,,,,,,,,,,
GCN4,NA,30,11.01.19,10.10.19,1,4027,TGCCCAT,GACCTT,Brent_19_GTAC_31_SIC_Index06_TGCCCAT_GACCTTGT_S32_R1_001.fastq.gz,90,SCGal,,,,,,,,,,
TYE7,NA,30,11.01.19,10.10.19,1,4027,AAACCTT,GACCTT,Brent_20_GTAC_32_SIC_Index06_AAACCTT_GACCTTGT_S33_R1_001.fastq.gz,90,SCGal,,,,,,,,,,
GCN4,NA,30,11.01.19,10.11.19,2,4027,ACCATAC,GACCTT,Brent_21_GTAC_33_SIC_Index06_ACCATAC_GACCTTGT_S34_R1_001.fastq.gz,-1,SCGal,,,,,,,,,,
TYE7,NA,30,11.01.19,10.11.19,2,4027,AATACGC,GACCTT,Brent_22_GTAC_34_SIC_Index06_AATACGC_GACCTTGT_S35_R1_001.fastq.gz,-1,SCGal,,,,,,,,,,
GCN4,NA,30,11.01.19,10.11.19,2,4027,CGCTACA,GACCTT,Brent_23_GTAC_35_SIC_Index06_CGCTACA_GACCTTGT_S36_R1_001.fastq.gz,-1,SCGal,,,,,,,,,,
TYE7,NA,30,11.01.19,10.11.19,2,4027,TGGCATA,GACCTT,Brent_24_GTAC_36_SIC_Index06_TGGCATA_GACCTTGT_S37_R1_001.fastq.gz,-1,SCGal,,,,,,,,,,
GCN4,NA,30,11.01.19,10.11.19,2,4027,TTTTGTC,GACCTT,Brent_25_GTAC_37_SIC_Index06_TTTTGTC_GACCTTGT_S38_R1_001.fastq.gz,10,SCGal,,,,,,,,,,
TYE7,NA,30,11.01.19,10.11.19,2,4027,ACCCACT,GACCTT,Brent_26_GTAC_38_SIC_Index06_ACCCACT_GACCTTGT_S39_R1_001.fastq.gz,10,SCGal,,,,,,,,,,
GCN4,NA,30,11.01.19,10.11.19,2,4027,CCGGACC,GACCTT,Brent_27_GTAC_39_SIC_Index06_CCGGACC_GACCTTGT_S40_R1_001.fastq.gz,10,SCGal,,,,,,,,,,
TYE7,NA,30,11.01.19,10.11.19,2,4027,GTACGGC,GACCTT,Brent_28_GTAC_40_SIC_Index06_GTACGGC_GACCTTGT_S41_R1_001.fastq.gz,10,SCGal,,,,,,,,,,
GCN4,NA,30,11.01.19,10.11.19,2,4027,TTGCCCC,GACCTT,Brent_29_GTAC_41_SIC_Index06_TTGCCCC_GACCTTGT_S42_R1_001.fastq.gz,15,SCGal,,,,,,,,,,
TYE7,NA,30,11.01.19,10.11.19,2,4027,ACTCCAA,GACCTT,Brent_30_GTAC_42_SIC_Index06_ACTCCAA_GACCTTGT_S43_R1_001.fastq.gz,15,SCGal,,,,,,,,,,
GCN4,NA,30,11.01.19,10.11.19,2,4027,TGTGCCA,GACCTT,Brent_31_GTAC_43_SIC_Index06_TGTGCCA_GACCTTGT_S44_R1_001.fastq.gz,15,SCGal,,,,,,,,,,
TYE7,NA,30,11.01.19,10.11.19,2,4027,AACGGAG,GACCTT,Brent_32_GTAC_44_SIC_Index06_AACGGAG_GACCTTGT_S45_R1_001.fastq.gz,15,SCGal,,,,,,,,,,
GCN4,NA,30,11.01.19,10.11.19,2,4027,GATAGTT,GACCTT,Brent_33_GTAC_45_SIC_Index06_GATAGTT_GACCTTGT_S46_R1_001.fastq.gz,20,SCGal,,,,,,,,,,
TYE7,NA,30,11.01.19,10.11.19,2,4027,GGTGAAT,GACCTT,Brent_34_GTAC_46_SIC_Index06_GGTGAAT_GACCTTGT_S47_R1_001.fastq.gz,20,SCGal,,,,,,,,,,
GCN4,NA,30,11.01.19,10.11.19,2,4027,ATGTTCT,GACCTT,Brent_35_GTAC_47_SIC_Index06_ATGTTCT_GACCTTGT_S48_R1_001.fastq.gz,20,SCGal,,,,,,,,,,
TYE7,NA,30,11.01.19,10.11.19,2,4027,GTAAAAA,GACCTT,Brent_36_GTAC_48_SIC_Index06_GTAAAAA_GACCTTGT_S49_R1_001.fastq.gz,20,SCGal,,,,,,,,,,
GCN4,NA,30,11.01.19,10.11.19,2,4027,GTCTGAT,GACCTT,Brent_37_GTAC_49_SIC_Index06_GTCTGAT_GACCTTGT_S50_R1_001.fastq.gz,90,SCGal,,,,,,,,,,
TYE7,NA,30,11.01.19,10.11.19,2,4027,CAATATC,GACCTT,Brent_38_GTAC_50_SIC_Index06_CAATATC_GACCTTGT_S51_R1_001.fastq.gz,90,SCGal,,,,,,,,,,
GCN4,NA,30,11.01.19,10.11.19,2,4027,CTCCCGA,GACCTT,Brent_39_GTAC_51_SIC_Index06_CTCCCGA_GACCTTGT_S52_R1_001.fastq.gz,90,SCGal,,,,,,,,,,
TYE7,NA,30,11.01.19,10.11.19,2,4027,GCCGTTT,GACCTT,Brent_40_GTAC_52_SIC_Index06_GCCGTTT_GACCTTGT_S53_R1_001.fastq.gz,90,SCGal,,,,,,,,,,
CBF1,NA,30,10.22.19,10.10.19,4,4027,GCTTAGA,GACCTT,Brent_C2_GTAC_2_SIC_Index06_GCTTAGA_GACCTTGT_S3_R1_001.fastq.gz,-1,SCGal,,,,,,,,,,
TYE7,NA,30,10.22.19,10.10.19,1,4027,GCTTAGA,GACCTT,Brent_C2_GTAC_2_SIC_Index06_GCTTAGA_GACCTTGT_S3_R1_001.fastq.gz,-1,SCGal,,,,,,,,,,
CBF1,NA,30,10.22.19,10.10.19,4,4027,ATGACAG,GACCTT,Brent_C3_GTAC_3_SIC_Index06_ATGACAG_GACCTTGT_S4_R1_001.fastq.gz,15,SCGal,,,,,,,,,,
GCN4,NA,30,10.22.19,10.10.19,1,4027,ATGACAG,GACCTT,Brent_C3_GTAC_3_SIC_Index06_ATGACAG_GACCTTGT_S4_R1_001.fastq.gz,-1,SCGal,,,,,,,,,,
CBF1,NA,30,10.22.19,10.10.19,4,4027,CACCTCC,GACCTT,Brent_C4_GTAC_4_SIC_Index06_CACCTCC_GACCTTGT_S5_R1_001.fastq.gz,15,SCGal,,,,,,,,,,
TYE7,NA,30,10.22.19,10.10.19,1,4027,CACCTCC,GACCTT,Brent_C4_GTAC_4_SIC_Index06_CACCTCC_GACCTTGT_S5_R1_001.fastq.gz,-1,SCGal,,,,,,,,,,
CBF1,NA,30,10.22.19,10.10.19,4,4027,ATCGAGC,GACCTT,Brent_C5_GTAC_5_SIC_Index06_ATCGAGC_GACCTTGT_S6_R1_001.fastq.gz,90,SCGal,,,,,,,,,,
GCN4,NA,30,10.22.19,10.10.19,1,4027,ATCGAGC,GACCTT,Brent_C5_GTAC_5_SIC_Index06_ATCGAGC_GACCTTGT_S6_R1_001.fastq.gz,10,SCGal,,,,,,,,,,
CBF1,NA,30,10.22.19,10.10.19,4,4027,TACTCTA,GACCTT,Brent_C6_GTAC_6_SIC_Index06_TACTCTA_GACCTTGT_S7_R1_001.fastq.gz,90,SCGal,,,,,,,,,,
TYE7,NA,30,10.22.19,10.10.19,1,4027,TACTCTA,GACCTT,Brent_C6_GTAC_6_SIC_Index06_TACTCTA_GACCTTGT_S7_R1_001.fastq.gz,10,SCGal,,,,,,,,,,
CBF1,NA,30,10.22.19,10.10.19,5,4027,AGACTGA,GACCTT,Brent_C7_GTAC_7_SIC_Index06_AGACTGA_GACCTTGT_S8_R1_001.fastq.gz,-1,SCGal,,,,,,,,,,
GCN4,NA,30,10.22.19,10.10.19,1,4027,AGACTGA,GACCTT,Brent_C7_GTAC_7_SIC_Index06_AGACTGA_GACCTTGT_S8_R1_001.fastq.gz,10,SCGal,,,,,,,,,,
CBF1,NA,30,10.22.19,10.10.19,5,4027,CTTGGAA,GACCTT,Brent_C8_GTAC_8_SIC_Index06_CTTGGAA_GACCTTGT_S9_R1_001.fastq.gz,-1,SCGal,,,,,,,,,,
TYE7,NA,30,10.22.19,10.10.19,1,4027,CTTGGAA,GACCTT,Brent_C8_GTAC_8_SIC_Index06_CTTGGAA_GACCTTGT_S9_R1_001.fastq.gz,10,SCGal,,,,,,,,,,
CBF1,NA,30,10.22.19,10.10.19,5,4027,CCGATTA,GACCTT,Brent_C9_GTAC_9_SIC_Index06_CCGATTA_GACCTTGT_S10_R1_001.fastq.gz,15,SCGal,,,,,,,,,,
GCN4,NA,30,10.22.19,10.10.19,1,4027,CCGATTA,GACCTT,Brent_C9_GTAC_9_SIC_Index06_CCGATTA_GACCTTGT_S10_R1_001.fastq.gz,15,SCGal,,,,,,,,,,
CBF1,NA,30,10.22.19,10.10.19,5,4027,GGCAGCG,GACCTT,Brent_C10_GTAC_10_SIC_Index06_GGCAGCG_GACCTTGT_S11_R1_001.fastq.gz,15,SCGal,,,,,,,,,,
TYE7,NA,30,10.22.19,10.10.19,1,4027,GGCAGCG,GACCTT,Brent_C10_GTAC_10_SIC_Index06_GGCAGCG_GACCTTGT_S11_R1_001.fastq.gz,15,SCGal,,,,,,,,,,
CBF1,NA,30,10.22.19,10.10.19,5,4027,CCATCAT,GACCTT,Brent_C11_GTAC_11_SIC_Index06_CCATCAT_GACCTTGT_S12_R1_001.fastq.gz,90,SCGal,,,,,,,,,,
GCN4,NA,30,10.22.19,10.10.19,1,4027,CCATCAT,GACCTT,Brent_C11_GTAC_11_SIC_Index06_CCATCAT_GACCTTGT_S12_R1_001.fastq.gz,15,SCGal,,,,,,,,,,
